姓名,性别,年龄,城市,邮箱,电话,职位,公司
于X,男,58,示例市001,user001@example.com,0000-00000000,项目总监,示例公司001
冯XX,女,21,示例市002,user002@example.com,0000-00000000,娱乐服务员,示例公司002
王XX,男,59,示例市003,user003@example.com,0000-00000000,废气处理工程师,示例公司003
罗XX,男,40,示例市004,user004@example.com,0000-00000000,活动执行,示例公司004
萧X,女,40,示例市005,user005@example.com,0000-00000000,舞蹈演员,示例公司005
吴X,女,19,示例市006,user006@example.com,0000-00000000,电脑操作员/打字员,示例公司006
冯XX,女,46,示例市007,user007@example.com,0000-00000000,发型师,示例公司007
徐XX,女,64,示例市008,user008@example.com,0000-00000000,智能大厦/综合布线/安防/弱电,示例公司008
马X,男,50,示例市009,user009@example.com,0000-00000000,环保,示例公司009
高XX,男,55,示例市010,user010@example.com,0000-00000000,销售助理,示例公司010
郑X,男,62,示例市011,user011@example.com,0000-00000000,船舶工程师,示例公司011
周X,男,19,示例市012,user012@example.com,0000-00000000,IC验证工程师,示例公司012
谢XX,女,52,示例市013,user013@example.com,0000-00000000,大学教授,示例公司013
唐X,男,46,示例市014,user014@example.com,0000-00000000,标准化工程师,示例公司014
梁XX,女,46,示例市015,user015@example.com,0000-00000000,实习生,示例公司015
梁XX,女,57,示例市016,user016@example.com,0000-00000000,班车司机,示例公司016
冯XX,女,19,示例市017,user017@example.com,0000-00000000,其他,示例公司017
王X,女,37,示例市018,user018@example.com,0000-00000000,电气/电器工程师,示例公司018
冯X,女,31,示例市019,user019@example.com,0000-00000000,其他,示例公司019
董XX,男,53,示例市020,user020@example.com,0000-00000000,摄影师/摄像师,示例公司020
张X,男,22,示例市021,user021@example.com,0000-00000000,电子技术研发工程师,示例公司021
孙X,男,38,示例市022,user022@example.com,0000-00000000,普工/操作工,示例公司022
胡X,男,55,示例市023,user023@example.com,0000-00000000,项目经理/主管,示例公司023
唐XX,女,33,示例市024,user024@example.com,0000-00000000,石油天然气技术人员,示例公司024
郭XX,女,57,示例市025,user025@example.com,0000-00000000,工程造价师/预结算经理,示例公司025
唐X,女,52,示例市026,user026@example.com,0000-00000000,房地产资产管理,示例公司026
冯X,男,57,示例市027,user027@example.com,0000-00000000,养殖部主管,示例公司027
谢X,女,26,示例市028,user028@example.com,0000-00000000,投资银行财务分析,示例公司028
徐XX,男,34,示例市029,user029@example.com,0000-00000000,压痕工,示例公司029
郭X,男,51,示例市030,user030@example.com,0000-00000000,其他,示例公司030
谢XX,女,59,示例市031,user031@example.com,0000-00000000,配色技术员,示例公司031
唐XX,女,64,示例市032,user032@example.com,0000-00000000,安检员,示例公司032
罗X,男,32,示例市033,user033@example.com,0000-00000000,护工,示例公司033
冯X,男,18,示例市034,user034@example.com,0000-00000000,公关经理,示例公司034
李X,女,38,示例市035,user035@example.com,0000-00000000,生产文员,示例公司035
周XX,女,59,示例市036,user036@example.com,0000-00000000,信息技术专员,示例公司036
韩X,女,56,示例市037,user037@example.com,0000-00000000,彩妆培训师,示例公司037
冯X,女,21,示例市038,user038@example.com,0000-00000000,动物营养/饲料研发,示例公司038
黄X,女,38,示例市039,user039@example.com,0000-00000000,促销经理,示例公司039
赵XX,男,23,示例市040,user040@example.com,0000-00000000,畜牧师,示例公司040
林XX,女,38,示例市041,user041@example.com,0000-00000000,系统分析员,示例公司041
于XX,女,24,示例市042,user042@example.com,0000-00000000,通信电源工程师,示例公司042
赵XX,女,64,示例市043,user043@example.com,0000-00000000,律师/法律顾问,示例公司043
张X,女,28,示例市044,user044@example.com,0000-00000000,其他,示例公司044
孙XX,女,59,示例市045,user045@example.com,0000-00000000,整经工,示例公司045
郑X,女,19,示例市046,user046@example.com,0000-00000000,咨询总监,示例公司046
董X,男,53,示例市047,user047@example.com,0000-00000000,店员/营业员,示例公司047
宋X,女,60,示例市048,user048@example.com,0000-00000000,宴会管理,示例公司048
赵XX,女,50,示例市049,user049@example.com,0000-00000000,人力资源,示例公司049
吴X,男,55,示例市050,user050@example.com,0000-00000000,木工,示例公司050
陈X,男,49,示例市051,user051@example.com,0000-00000000,高级硬件工程师,示例公司051
吴XX,女,28,示例市052,user052@example.com,0000-00000000,预结算员,示例公司052
宋X,男,24,示例市053,user053@example.com,0000-00000000,中医科医生,示例公司053
宋XX,女,48,示例市054,user054@example.com,0000-00000000,导购员,示例公司054
周XX,男,64,示例市055,user055@example.com,0000-00000000,钟点工,示例公司055
高XX,男,45,示例市056,user056@example.com,0000-00000000,车身/造型设计,示例公司056
冯XX,男,63,示例市057,user057@example.com,0000-00000000,保险培训师,示例公司057
罗XX,女,32,示例市058,user058@example.com,0000-00000000,大学教授,示例公司058
郑X,女,33,示例市059,user059@example.com,0000-00000000,底盘工程师,示例公司059
韩X,女,36,示例市060,user060@example.com,0000-00000000,前台接待/总机/接待生,示例公司060
吴XX,男,33,示例市061,user061@example.com,0000-00000000,保镖,示例公司061
董X,女,27,示例市062,user062@example.com,0000-00000000,项目总监,示例公司062
谢X,女,36,示例市063,user063@example.com,0000-00000000,税务经理/税务主管,示例公司063
韩XX,女,53,示例市064,user064@example.com,0000-00000000,农业技术员,示例公司064
梁X,女,34,示例市065,user065@example.com,0000-00000000,编辑出版,示例公司065
赵X,女,53,示例市066,user066@example.com,0000-00000000,信审核查,示例公司066
杨X,男,49,示例市067,user067@example.com,0000-00000000,储备经理人,示例公司067
郭X,男,29,示例市068,user068@example.com,0000-00000000,美容师,示例公司068
孙XX,男,20,示例市069,user069@example.com,0000-00000000,复卷工,示例公司069
谢XX,男,37,示例市070,user070@example.com,0000-00000000,电话销售,示例公司070
萧X,女,54,示例市071,user071@example.com,0000-00000000,美容师,示例公司071
周XX,女,25,示例市072,user072@example.com,0000-00000000,产品/品牌专员,示例公司072
周XX,男,28,示例市073,user073@example.com,0000-00000000,生物工程/生物制药,示例公司073
郑XX,男,57,示例市074,user074@example.com,0000-00000000,移动通信工程师,示例公司074
吴XX,男,61,示例市075,user075@example.com,0000-00000000,配置管理工程师,示例公司075
吴XX,女,45,示例市076,user076@example.com,0000-00000000,研发总监/部长/专家,示例公司076
黄XX,女,58,示例市077,user077@example.com,0000-00000000,公务员,示例公司077
刘X,男,35,示例市078,user078@example.com,0000-00000000,广告客户经理,示例公司078
郑XX,女,32,示例市079,user079@example.com,0000-00000000,折弯工,示例公司079
张XX,女,41,示例市080,user080@example.com,0000-00000000,美容整形师,示例公司080
吴X,女,59,示例市081,user081@example.com,0000-00000000,激光/光电子技术,示例公司081
于XX,女,33,示例市082,user082@example.com,0000-00000000,焊接工程师/技师,示例公司082
李X,女,51,示例市083,user083@example.com,0000-00000000,选址拓展/新店开发,示例公司083
胡X,男,27,示例市084,user084@example.com,0000-00000000,材料工程师,示例公司084
何X,男,49,示例市085,user085@example.com,0000-00000000,后勤,示例公司085
孙XX,男,31,示例市086,user086@example.com,0000-00000000,销售经理,示例公司086
林XX,女,43,示例市087,user087@example.com,0000-00000000,市场企划专员,示例公司087
马X,男,45,示例市088,user088@example.com,0000-00000000,内外饰工程师,示例公司088
梁XX,男,30,示例市089,user089@example.com,0000-00000000,SPA 技师,示例公司089
郑X,女,45,示例市090,user090@example.com,0000-00000000,网店/淘宝运营,示例公司090
于X,男,18,示例市091,user091@example.com,0000-00000000,市场分析/调研人员,示例公司091
周XX,女,51,示例市092,user092@example.com,0000-00000000,投资银行业务,示例公司092
宋X,男,25,示例市093,user093@example.com,0000-00000000,打稿机操作员,示例公司093
李X,男,55,示例市094,user094@example.com,0000-00000000,美容保健,示例公司094
高X,男,19,示例市095,user095@example.com,0000-00000000,给排水/暖通工程,示例公司095
赵XX,男,28,示例市096,user096@example.com,0000-00000000,市场企划专员,示例公司096
梁X,女,58,示例市097,user097@example.com,0000-00000000,工业/产品设计,示例公司097
马XX,女,24,示例市098,user098@example.com,0000-00000000,工程/设备主管,示例公司098
宋X,女,41,示例市099,user099@example.com,0000-00000000,搬运工,示例公司099
萧XX,女,49,示例市100,user100@example.com,0000-00000000,移动通信工程师,示例公司100
唐XX,男,47,示例市101,user101@example.com,0000-00000000,市政工程师,示例公司101
孙XX,男,52,示例市102,user102@example.com,0000-00000000,其他,示例公司102
孙XX,女,45,示例市103,user103@example.com,0000-00000000,纸样师/车板工,示例公司103
宋X,男,18,示例市104,user104@example.com,0000-00000000,矿产勘探/地质勘测工程师,示例公司104
郭XX,男,46,示例市105,user105@example.com,0000-00000000,出版/发行,示例公司105
黄XX,男,42,示例市106,user106@example.com,0000-00000000,保险理赔,示例公司106
吴XX,女,47,示例市107,user107@example.com,0000-00000000,工业工程师,示例公司107
唐XX,男,58,示例市108,user108@example.com,0000-00000000,财务分析员,示例公司108
陈XX,女,55,示例市109,user109@example.com,0000-00000000,审计经理/主管,示例公司109
谢XX,男,65,示例市110,user110@example.com,0000-00000000,品类经理,示例公司110
萧X,男,34,示例市111,user111@example.com,0000-00000000,资金经理/主管,示例公司111
冯X,男,58,示例市112,user112@example.com,0000-00000000,网络推广经理/主管,示例公司112
唐X,女,29,示例市113,user113@example.com,0000-00000000,建筑工程管理/项目经理,示例公司113
冯XX,男,40,示例市114,user114@example.com,0000-00000000,DJ,示例公司114
宋XX,女,32,示例市115,user115@example.com,0000-00000000,物业设施管理人员,示例公司115
张X,女,58,示例市116,user116@example.com,0000-00000000,生产文员,示例公司116
郑X,女,61,示例市117,user117@example.com,0000-00000000,涂料研发工程师,示例公司117
郭X,女,59,示例市118,user118@example.com,0000-00000000,技术支持/维护经理,示例公司118
梁XX,男,58,示例市119,user119@example.com,0000-00000000,电信交换工程师,示例公司119
李XX,男,38,示例市120,user120@example.com,0000-00000000,绩效考核专员/助理,示例公司120
梁XX,女,22,示例市121,user121@example.com,0000-00000000,餐饮服务员,示例公司121
周XX,女,21,示例市122,user122@example.com,0000-00000000,大客户管理,示例公司122
徐XX,男,20,示例市123,user123@example.com,0000-00000000,公务员,示例公司123
萧XX,女,39,示例市124,user124@example.com,0000-00000000,销售行政经理/主管,示例公司124
胡XX,男,64,示例市125,user125@example.com,0000-00000000,网店店铺管理员,示例公司125
李XX,男,62,示例市126,user126@example.com,0000-00000000,网络工程师,示例公司126
刘XX,女,63,示例市127,user127@example.com,0000-00000000,飞机机长/副机长,示例公司127
周X,女,53,示例市128,user128@example.com,0000-00000000,配置管理工程师,示例公司128
高XX,男,43,示例市129,user129@example.com,0000-00000000,培训生,示例公司129
马X,男,34,示例市130,user130@example.com,0000-00000000,行政经理/主管/办公室主任,示例公司130
黄X,男,53,示例市131,user131@example.com,0000-00000000,网店店铺管理员,示例公司131
林X,男,62,示例市132,user132@example.com,0000-00000000,收银主管,示例公司132
郭X,女,22,示例市133,user133@example.com,0000-00000000,市场分析/调研人员,示例公司133
马XX,女,54,示例市134,user134@example.com,0000-00000000,人力资源信息系统专员,示例公司134
徐X,女,56,示例市135,user135@example.com,0000-00000000,烫工,示例公司135
吴XX,男,22,示例市136,user136@example.com,0000-00000000,生鲜食品加工/处理,示例公司136
梁X,男,28,示例市137,user137@example.com,0000-00000000,电脑操作员/打字员,示例公司137
李XX,女,54,示例市138,user138@example.com,0000-00000000,会务/会展主管,示例公司138
李X,女,39,示例市139,user139@example.com,0000-00000000,安全员,示例公司139
高XX,女,57,示例市140,user140@example.com,0000-00000000,公关主管,示例公司140
张X,女,31,示例市141,user141@example.com,0000-00000000,美甲师,示例公司141
杨X,女,20,示例市142,user142@example.com,0000-00000000,保险业务经理/主管,示例公司142
郑X,男,45,示例市143,user143@example.com,0000-00000000,出租车司机,示例公司143
赵X,女,26,示例市144,user144@example.com,0000-00000000,公司业务部门经理/主管,示例公司144
周XX,男,63,示例市145,user145@example.com,0000-00000000,其他,示例公司145
郭XX,男,26,示例市146,user146@example.com,0000-00000000,绩效考核专员/助理,示例公司146
谢XX,女,24,示例市147,user147@example.com,0000-00000000,家具/家居用品设计,示例公司147
马X,男,36,示例市148,user148@example.com,0000-00000000,珠宝销售顾问,示例公司148
萧XX,女,60,示例市149,user149@example.com,0000-00000000,注塑工,示例公司149
冯XX,男,21,示例市150,user150@example.com,0000-00000000,其他,示例公司150
徐X,男,38,示例市151,user151@example.com,0000-00000000,平面设计经理/主管,示例公司151
梁XX,女,47,示例市152,user152@example.com,0000-00000000,环境/健康/安全工程师（EHS）,示例公司152
梁XX,女,24,示例市153,user153@example.com,0000-00000000,医药技术研发人员,示例公司153
唐X,男,61,示例市154,user154@example.com,0000-00000000,理疗师,示例公司154
郑XX,女,30,示例市155,user155@example.com,0000-00000000,物业招商/租赁/租售,示例公司155
梁X,男,41,示例市156,user156@example.com,0000-00000000,监察人员,示例公司156
罗X,男,44,示例市157,user157@example.com,0000-00000000,行政专员/助理,示例公司157
王X,男,33,示例市158,user158@example.com,0000-00000000,饲养员,示例公司158
张X,女,20,示例市159,user159@example.com,0000-00000000,舞蹈演员,示例公司159
冯X,女,50,示例市160,user160@example.com,0000-00000000,行程管理/计调,示例公司160
孙X,男,29,示例市161,user161@example.com,0000-00000000,组装工,示例公司161
罗X,女,22,示例市162,user162@example.com,0000-00000000,手机维修,示例公司162
孙X,男,43,示例市163,user163@example.com,0000-00000000,动力总成工程师,示例公司163
朱X,男,23,示例市164,user164@example.com,0000-00000000,建筑工程管理/项目经理,示例公司164
张XX,男,33,示例市165,user165@example.com,0000-00000000,FAE 现场应用工程师,示例公司165
马X,女,27,示例市166,user166@example.com,0000-00000000,外科医生,示例公司166
周X,女,31,示例市167,user167@example.com,0000-00000000,工业/产品设计,示例公司167
罗X,男,46,示例市168,user168@example.com,0000-00000000,管道/暖通,示例公司168
胡XX,男,35,示例市169,user169@example.com,0000-00000000,新能源电池工程师,示例公司169
郑X,女,42,示例市170,user170@example.com,0000-00000000,船长/副船长,示例公司170
杨X,男,44,示例市171,user171@example.com,0000-00000000,审计专员/助理,示例公司171
冯XX,男,36,示例市172,user172@example.com,0000-00000000,保险客户服务/续期管理,示例公司172
徐X,男,51,示例市173,user173@example.com,0000-00000000,系统架构设计师,示例公司173
罗XX,女,47,示例市174,user174@example.com,0000-00000000,中学教师,示例公司174
于XX,男,26,示例市175,user175@example.com,0000-00000000,认证工程师,示例公司175
冯X,男,49,示例市176,user176@example.com,0000-00000000,工艺工程师,示例公司176
林X,男,47,示例市177,user177@example.com,0000-00000000,电脑操作员/打字员,示例公司177
张X,女,57,示例市178,user178@example.com,0000-00000000,风险控制,示例公司178
张XX,男,52,示例市179,user179@example.com,0000-00000000,锅炉工,示例公司179
高X,男,28,示例市180,user180@example.com,0000-00000000,签证专员,示例公司180
高X,女,38,示例市181,user181@example.com,0000-00000000,VIP专员,示例公司181
梁XX,男,57,示例市182,user182@example.com,0000-00000000,内外饰工程师,示例公司182
唐XX,女,59,示例市183,user183@example.com,0000-00000000,供应链经理,示例公司183
郑X,男,30,示例市184,user184@example.com,0000-00000000,按摩,示例公司184
萧XX,女,51,示例市185,user185@example.com,0000-00000000,信息技术专员,示例公司185
梁XX,男,57,示例市186,user186@example.com,0000-00000000,电子技术研发工程师,示例公司186
赵XX,男,44,示例市187,user187@example.com,0000-00000000,大堂经理,示例公司187
马X,男,40,示例市188,user188@example.com,0000-00000000,会籍顾问,示例公司188
马X,男,26,示例市189,user189@example.com,0000-00000000,吊车司机,示例公司189
于XX,男,39,示例市190,user190@example.com,0000-00000000,行政/后勤,示例公司190
朱X,男,28,示例市191,user191@example.com,0000-00000000,资产评估/分析,示例公司191
何XX,女,40,示例市192,user192@example.com,0000-00000000,系统管理员/网络管理员,示例公司192
李XX,男,52,示例市193,user193@example.com,0000-00000000,足疗,示例公司193
罗XX,女,50,示例市194,user194@example.com,0000-00000000,美术编辑,示例公司194
朱X,女,45,示例市195,user195@example.com,0000-00000000,房地产项目/策划经理,示例公司195
徐XX,男,58,示例市196,user196@example.com,0000-00000000,废气处理工程师,示例公司196
韩X,女,30,示例市197,user197@example.com,0000-00000000,铣工,示例公司197
孙X,男,33,示例市198,user198@example.com,0000-00000000,市场/营销,示例公司198
刘X,女,61,示例市199,user199@example.com,0000-00000000,智能大厦/综合布线/安防/弱电,示例公司199
徐X,男,45,示例市200,user200@example.com,0000-00000000,培训经理/主管,示例公司200
孙X,男,18,示例市201,user201@example.com,0000-00000000,标准化工程师,示例公司201
冯X,男,40,示例市202,user202@example.com,0000-00000000,网站运营专员,示例公司202
黄XX,女,42,示例市203,user203@example.com,0000-00000000,销售经理,示例公司203
赵XX,女,65,示例市204,user204@example.com,0000-00000000,房地产项目/策划主管/专员,示例公司204
周XX,女,45,示例市205,user205@example.com,0000-00000000,审计经理/主管,示例公司205
杨XX,男,39,示例市206,user206@example.com,0000-00000000,室内设计,示例公司206
吴XX,女,38,示例市207,user207@example.com,0000-00000000,收银员,示例公司207
何X,男,55,示例市208,user208@example.com,0000-00000000,出版/发行,示例公司208
梁X,男,20,示例市209,user209@example.com,0000-00000000,测试工程师,示例公司209
梁X,女,40,示例市210,user210@example.com,0000-00000000,烫工,示例公司210
高X,女,37,示例市211,user211@example.com,0000-00000000,移动通信工程师,示例公司211
韩X,男,22,示例市212,user212@example.com,0000-00000000,电梯工,示例公司212
韩XX,女,31,示例市213,user213@example.com,0000-00000000,理货员,示例公司213
韩X,男,19,示例市214,user214@example.com,0000-00000000,DJ,示例公司214
郑XX,男,46,示例市215,user215@example.com,0000-00000000,FAE 现场应用工程师,示例公司215
徐XX,女,51,示例市216,user216@example.com,0000-00000000,电子商务经理/主管,示例公司216
郑XX,男,29,示例市217,user217@example.com,0000-00000000,室内设计,示例公司217
韩X,男,40,示例市218,user218@example.com,0000-00000000,语音/视频/图形开发工程师,示例公司218
张XX,男,44,示例市219,user219@example.com,0000-00000000,金融/证券/期货/投资,示例公司219
宋X,男,54,示例市220,user220@example.com,0000-00000000,调墨技师,示例公司220
董X,女,41,示例市221,user221@example.com,0000-00000000,健身顾问/教练,示例公司221
陈X,男,42,示例市222,user222@example.com,0000-00000000,成本经理/成本主管,示例公司222
林XX,女,18,示例市223,user223@example.com,0000-00000000,律师/法务/合规,示例公司223
胡X,男,47,示例市224,user224@example.com,0000-00000000,销售总监,示例公司224
陈XX,女,31,示例市225,user225@example.com,0000-00000000,化妆品研发,示例公司225
郭X,男,21,示例市226,user226@example.com,0000-00000000,银行,示例公司226
黄XX,女,23,示例市227,user227@example.com,0000-00000000,其他,示例公司227
黄XX,男,19,示例市228,user228@example.com,0000-00000000,美容店长,示例公司228
杨XX,女,18,示例市229,user229@example.com,0000-00000000,信息技术经理/主管,示例公司229
梁X,女,25,示例市230,user230@example.com,0000-00000000,冲压工,示例公司230
董XX,女,46,示例市231,user231@example.com,0000-00000000,绩效考核专员/助理,示例公司231
谢X,男,37,示例市232,user232@example.com,0000-00000000,多媒体/游戏开发工程师,示例公司232
于X,男,33,示例市233,user233@example.com,0000-00000000,市场通路经理/主管,示例公司233
马X,男,51,示例市234,user234@example.com,0000-00000000,供应链总监,示例公司234
马X,女,28,示例市235,user235@example.com,0000-00000000,砌筑工,示例公司235
胡X,女,33,示例市236,user236@example.com,0000-00000000,电子技术研发工程师,示例公司236
萧XX,女,18,示例市237,user237@example.com,0000-00000000,防损员/内保,示例公司237
徐X,女,63,示例市238,user238@example.com,0000-00000000,生产文员,示例公司238
吴X,女,25,示例市239,user239@example.com,0000-00000000,技术支持/维护工程师,示例公司239
宋X,男,30,示例市240,user240@example.com,0000-00000000,信贷管理,示例公司240
刘X,男,62,示例市241,user241@example.com,0000-00000000,网络维修,示例公司241
周X,女,23,示例市242,user242@example.com,0000-00000000,房地产评估,示例公司242
林X,男,22,示例市243,user243@example.com,0000-00000000,焊接工程师/技师,示例公司243
郭XX,女,20,示例市244,user244@example.com,0000-00000000,二手车评估师,示例公司244
马X,女,24,示例市245,user245@example.com,0000-00000000,集装箱业务,示例公司245
韩XX,女,26,示例市246,user246@example.com,0000-00000000,出纳员,示例公司246
董XX,男,18,示例市247,user247@example.com,0000-00000000,信息技术经理/主管,示例公司247
徐XX,男,33,示例市248,user248@example.com,0000-00000000,兽医,示例公司248
韩XX,男,22,示例市249,user249@example.com,0000-00000000,医疗器械生产/质量管理,示例公司249
杨XX,女,55,示例市250,user250@example.com,0000-00000000,UI设计师/顾问,示例公司250
马X,女,53,示例市251,user251@example.com,0000-00000000,市政工程师,示例公司251
梁X,女,41,示例市252,user252@example.com,0000-00000000,电子技术研发工程师,示例公司252
李XX,女,61,示例市253,user253@example.com,0000-00000000,行政经理/主管/办公室主任,示例公司253
谢XX,男,44,示例市254,user254@example.com,0000-00000000,前台迎宾,示例公司254
孙X,男,58,示例市255,user255@example.com,0000-00000000,烫工,示例公司255
郑X,女,39,示例市256,user256@example.com,0000-00000000,金融产品经理,示例公司256
陈XX,男,41,示例市257,user257@example.com,0000-00000000,生产文员,示例公司257
朱XX,男,22,示例市258,user258@example.com,0000-00000000,焊工,示例公司258
罗X,女,20,示例市259,user259@example.com,0000-00000000,生态治理/规划,示例公司259
谢XX,女,57,示例市260,user260@example.com,0000-00000000,中学教师,示例公司260
陈XX,男,42,示例市261,user261@example.com,0000-00000000,医疗器械销售代表,示例公司261
林XX,女,19,示例市262,user262@example.com,0000-00000000,熟食加工,示例公司262
郑X,男,32,示例市263,user263@example.com,0000-00000000,环保,示例公司263
郑X,男,22,示例市264,user264@example.com,0000-00000000,动物营养/饲料研发,示例公司264
徐X,女,32,示例市265,user265@example.com,0000-00000000,编辑,示例公司265
董XX,男,57,示例市266,user266@example.com,0000-00000000,投诉专员,示例公司266
吴XX,女,54,示例市267,user267@example.com,0000-00000000,行政/后勤,示例公司267
赵XX,女,24,示例市268,user268@example.com,0000-00000000,人事专员,示例公司268
郑XX,女,20,示例市269,user269@example.com,0000-00000000,投资银行业务,示例公司269
于XX,女,44,示例市270,user270@example.com,0000-00000000,压痕工,示例公司270
萧X,男,50,示例市271,user271@example.com,0000-00000000,调酒师/侍酒师/吧台员,示例公司271
谢XX,男,24,示例市272,user272@example.com,0000-00000000,IT-管理,示例公司272
罗X,女,48,示例市273,user273@example.com,0000-00000000,健身房服务,示例公司273
董XX,男,36,示例市274,user274@example.com,0000-00000000,薪资福利经理/主管,示例公司274
马X,男,40,示例市275,user275@example.com,0000-00000000,客服及支持,示例公司275
赵X,男,49,示例市276,user276@example.com,0000-00000000,船长/副船长,示例公司276
冯X,男,64,示例市277,user277@example.com,0000-00000000,客服主管,示例公司277
陈X,男,64,示例市278,user278@example.com,0000-00000000,汽车修理工,示例公司278
萧X,男,24,示例市279,user279@example.com,0000-00000000,公关/媒介助理,示例公司279
郭XX,男,21,示例市280,user280@example.com,0000-00000000,项目总监,示例公司280
于XX,男,35,示例市281,user281@example.com,0000-00000000,家用电器/数码产品研发,示例公司281
陈X,男,23,示例市282,user282@example.com,0000-00000000,结构/土木/土建工程师,示例公司282
林XX,女,52,示例市283,user283@example.com,0000-00000000,网店/淘宝店长,示例公司283
杨X,女,48,示例市284,user284@example.com,0000-00000000,调度员,示例公司284
梁XX,女,63,示例市285,user285@example.com,0000-00000000,保洁,示例公司285
张X,女,64,示例市286,user286@example.com,0000-00000000,财务经理,示例公司286
胡XX,女,31,示例市287,user287@example.com,0000-00000000,系统集成工程师,示例公司287
罗X,女,25,示例市288,user288@example.com,0000-00000000,医疗器械维修人员,示例公司288
高XX,男,29,示例市289,user289@example.com,0000-00000000,培训专员/助理/培训师,示例公司289
林X,女,45,示例市290,user290@example.com,0000-00000000,供应商开发,示例公司290
冯XX,女,37,示例市291,user291@example.com,0000-00000000,兼职,示例公司291
郭X,女,24,示例市292,user292@example.com,0000-00000000,总编/副总编,示例公司292
梁XX,男,36,示例市293,user293@example.com,0000-00000000,其他,示例公司293
刘X,男,36,示例市294,user294@example.com,0000-00000000,广告客户经理,示例公司294
王X,男,31,示例市295,user295@example.com,0000-00000000,农业技术员,示例公司295
郭XX,男,22,示例市296,user296@example.com,0000-00000000,轨道交通工程师/技术员,示例公司296
宋XX,女,41,示例市297,user297@example.com,0000-00000000,房地产内勤,示例公司297
罗X,女,52,示例市298,user298@example.com,0000-00000000,组装工,示例公司298
谢XX,男,48,示例市299,user299@example.com,0000-00000000,裁剪工,示例公司299
郑XX,男,52,示例市300,user300@example.com,0000-00000000,生鲜食品加工/处理,示例公司300
周XX,男,54,示例市301,user301@example.com,0000-00000000,物业机电维修工,示例公司301
何X,女,48,示例市302,user302@example.com,0000-00000000,项目总监,示例公司302
胡X,女,62,示例市303,user303@example.com,0000-00000000,商务经理,示例公司303
胡X,女,63,示例市304,user304@example.com,0000-00000000,后期制作,示例公司304
梁XX,女,29,示例市305,user305@example.com,0000-00000000,策略发展总监,示例公司305
萧XX,男,47,示例市306,user306@example.com,0000-00000000,需求工程师,示例公司306
郑X,男,55,示例市307,user307@example.com,0000-00000000,药品市场推广经理,示例公司307
杨X,女,59,示例市308,user308@example.com,0000-00000000,其他,示例公司308
唐X,女,36,示例市309,user309@example.com,0000-00000000,测试员,示例公司309
赵X,男,64,示例市310,user310@example.com,0000-00000000,新能源电池工程师,示例公司310
朱XX,男,32,示例市311,user311@example.com,0000-00000000,音乐/美术教师,示例公司311
周XX,女,28,示例市312,user312@example.com,0000-00000000,系统管理员/网络管理员,示例公司312
林XX,女,41,示例市313,user313@example.com,0000-00000000,市场通路经理/主管,示例公司313
周XX,女,54,示例市314,user314@example.com,0000-00000000,技术研发经理/主管,示例公司314
马X,男,61,示例市315,user315@example.com,0000-00000000,其他,示例公司315
赵X,男,28,示例市316,user316@example.com,0000-00000000,保险电销,示例公司316
高X,男,59,示例市317,user317@example.com,0000-00000000,面点师,示例公司317
罗XX,女,18,示例市318,user318@example.com,0000-00000000,校对/录入,示例公司318
朱XX,男,22,示例市319,user319@example.com,0000-00000000,其他,示例公司319
李X,男,54,示例市320,user320@example.com,0000-00000000,其他,示例公司320
高XX,男,60,示例市321,user321@example.com,0000-00000000,开发报建,示例公司321
王XX,男,41,示例市322,user322@example.com,0000-00000000,工程/设备主管,示例公司322
周X,女,60,示例市323,user323@example.com,0000-00000000,人事助理,示例公司323
张X,女,55,示例市324,user324@example.com,0000-00000000,焊工,示例公司324
何XX,男,45,示例市325,user325@example.com,0000-00000000,玩具设计,示例公司325
周X,男,55,示例市326,user326@example.com,0000-00000000,炼胶工,示例公司326
吴X,男,58,示例市327,user327@example.com,0000-00000000,研究生,示例公司327
高X,女,53,示例市328,user328@example.com,0000-00000000,房地产开发,示例公司328
韩XX,男,38,示例市329,user329@example.com,0000-00000000,铲车司机,示例公司329
宋X,男,27,示例市330,user330@example.com,0000-00000000,砌筑工,示例公司330
周X,男,26,示例市331,user331@example.com,0000-00000000,区域销售总监,示例公司331
高X,女,44,示例市332,user332@example.com,0000-00000000,猎头/人才中介,示例公司332
宋XX,男,36,示例市333,user333@example.com,0000-00000000,船舶工程师,示例公司333
马X,男,54,示例市334,user334@example.com,0000-00000000,裁剪工,示例公司334
李XX,男,21,示例市335,user335@example.com,0000-00000000,培训助理,示例公司335
刘X,男,20,示例市336,user336@example.com,0000-00000000,国内贸易人员,示例公司336
高X,男,36,示例市337,user337@example.com,0000-00000000,促销员,示例公司337
何XX,女,41,示例市338,user338@example.com,0000-00000000,其他,示例公司338
于X,女,59,示例市339,user339@example.com,0000-00000000,配置管理工程师,示例公司339
萧XX,男,62,示例市340,user340@example.com,0000-00000000,高级硬件工程师,示例公司340
徐X,男,22,示例市341,user341@example.com,0000-00000000,建筑工程师,示例公司341
李X,女,59,示例市342,user342@example.com,0000-00000000,税务专员/助理,示例公司342
陈X,男,65,示例市343,user343@example.com,0000-00000000,行政总监,示例公司343
高XX,男,33,示例市344,user344@example.com,0000-00000000,车辆质量工程师,示例公司344
张X,女,60,示例市345,user345@example.com,0000-00000000,客服总监,示例公司345
王X,男,42,示例市346,user346@example.com,0000-00000000,保险电销,示例公司346
郑XX,女,29,示例市347,user347@example.com,0000-00000000,进出口/信用证结算,示例公司347
谢X,女,44,示例市348,user348@example.com,0000-00000000,房产项目配套工程师,示例公司348
郑XX,男,21,示例市349,user349@example.com,0000-00000000,生物工程/生物制药,示例公司349
陈XX,女,36,示例市350,user350@example.com,0000-00000000,面料辅料开发,示例公司350
郭X,男,29,示例市351,user351@example.com,0000-00000000,咨询总监,示例公司351
高XX,女,64,示例市352,user352@example.com,0000-00000000,公务员,示例公司352
刘X,男,58,示例市353,user353@example.com,0000-00000000,人事助理,示例公司353
谢X,女,53,示例市354,user354@example.com,0000-00000000,编辑出版,示例公司354
赵XX,女,55,示例市355,user355@example.com,0000-00000000,其他,示例公司355
王X,女,26,示例市356,user356@example.com,0000-00000000,国内贸易人员,示例公司356
郑XX,女,18,示例市357,user357@example.com,0000-00000000,网络推广总监,示例公司357
孙XX,女,62,示例市358,user358@example.com,0000-00000000,其他,示例公司358
萧X,女,37,示例市359,user359@example.com,0000-00000000,空调维修,示例公司359
韩X,女,65,示例市360,user360@example.com,0000-00000000,经理助理/秘书,示例公司360
冯X,男,31,示例市361,user361@example.com,0000-00000000,编辑出版,示例公司361
董XX,女,18,示例市362,user362@example.com,0000-00000000,助理业务跟单,示例公司362
赵XX,男,49,示例市363,user363@example.com,0000-00000000,传菜主管,示例公司363
周X,女,37,示例市364,user364@example.com,0000-00000000,保安经理,示例公司364
罗XX,男,21,示例市365,user365@example.com,0000-00000000,专业顾问,示例公司365
韩X,女,40,示例市366,user366@example.com,0000-00000000,网站策划,示例公司366
吴X,男,31,示例市367,user367@example.com,0000-00000000,售前/售后技术支持主管,示例公司367
徐XX,女,51,示例市368,user368@example.com,0000-00000000,其他,示例公司368
胡XX,女,64,示例市369,user369@example.com,0000-00000000,项目经理,示例公司369
吴XX,男,39,示例市370,user370@example.com,0000-00000000,生产计划/物料管理(PMC),示例公司370
胡X,女,50,示例市371,user371@example.com,0000-00000000,经理助理/秘书,示例公司371
陈XX,男,51,示例市372,user372@example.com,0000-00000000,其他,示例公司372
于X,男,21,示例市373,user373@example.com,0000-00000000,生物/制药/医疗器械,示例公司373
何X,男,49,示例市374,user374@example.com,0000-00000000,媒介主管,示例公司374
韩X,女,64,示例市375,user375@example.com,0000-00000000,葡萄牙语翻译,示例公司375
萧X,女,55,示例市376,user376@example.com,0000-00000000,外科医生,示例公司376
梁X,男,25,示例市377,user377@example.com,0000-00000000,水处理工程师,示例公司377
王X,男,54,示例市378,user378@example.com,0000-00000000,后期制作,示例公司378
何X,男,28,示例市379,user379@example.com,0000-00000000,幕墙工程师,示例公司379
胡XX,女,51,示例市380,user380@example.com,0000-00000000,大堂经理,示例公司380
周XX,男,33,示例市381,user381@example.com,0000-00000000,计算机硬件,示例公司381
高X,女,22,示例市382,user382@example.com,0000-00000000,西班牙语翻译,示例公司382
董XX,女,36,示例市383,user383@example.com,0000-00000000,网络工程师,示例公司383
高XX,女,49,示例市384,user384@example.com,0000-00000000,针灸/推拿,示例公司384
赵XX,男,53,示例市385,user385@example.com,0000-00000000,底盘工程师,示例公司385
朱X,男,21,示例市386,user386@example.com,0000-00000000,飞机维修机械师,示例公司386
张X,女,59,示例市387,user387@example.com,0000-00000000,生鲜食品加工/处理,示例公司387
张XX,男,53,示例市388,user388@example.com,0000-00000000,医疗器械生产/质量管理,示例公司388
赵X,男,35,示例市389,user389@example.com,0000-00000000,游戏策划师,示例公司389
郭X,男,57,示例市390,user390@example.com,0000-00000000,美发店长,示例公司390
高X,女,29,示例市391,user391@example.com,0000-00000000,品牌/连锁招商管理,示例公司391
萧X,女,34,示例市392,user392@example.com,0000-00000000,公务员,示例公司392
于X,男,55,示例市393,user393@example.com,0000-00000000,救生员,示例公司393
董XX,男,39,示例市394,user394@example.com,0000-00000000,美甲师,示例公司394
陈XX,女,20,示例市395,user395@example.com,0000-00000000,业务跟单经理,示例公司395
萧X,男,59,示例市396,user396@example.com,0000-00000000,资金专员,示例公司396
韩X,男,52,示例市397,user397@example.com,0000-00000000,促销经理,示例公司397
马XX,女,38,示例市398,user398@example.com,0000-00000000,打稿机操作员,示例公司398
罗X,男,18,示例市399,user399@example.com,0000-00000000,房地产开发,示例公司399
何XX,男,46,示例市400,user400@example.com,0000-00000000,司仪,示例公司400
赵XX,男,19,示例市401,user401@example.com,0000-00000000,电脑维修,示例公司401
林X,女,29,示例市402,user402@example.com,0000-00000000,生鲜食品加工/处理,示例公司402
周X,男,38,示例市403,user403@example.com,0000-00000000,合规主管/专员,示例公司403
马X,女,63,示例市404,user404@example.com,0000-00000000,大客户管理,示例公司404
胡XX,男,46,示例市405,user405@example.com,0000-00000000,娱乐服务员,示例公司405
谢XX,女,33,示例市406,user406@example.com,0000-00000000,系统工程师,示例公司406
徐X,男,30,示例市407,user407@example.com,0000-00000000,其他,示例公司407
李XX,男,29,示例市408,user408@example.com,0000-00000000,注塑工,示例公司408
郭X,男,65,示例市409,user409@example.com,0000-00000000,绩效考核经理/主管,示例公司409
王XX,男,49,示例市410,user410@example.com,0000-00000000,业务跟单,示例公司410
李XX,男,60,示例市411,user411@example.com,0000-00000000,石油天然气技术人员,示例公司411
马XX,男,34,示例市412,user412@example.com,0000-00000000,其他,示例公司412
梁X,女,19,示例市413,user413@example.com,0000-00000000,个人业务部门经理/主管,示例公司413
林XX,男,31,示例市414,user414@example.com,0000-00000000,系统分析员,示例公司414
张X,女,27,示例市415,user415@example.com,0000-00000000,其他,示例公司415
唐X,男,58,示例市416,user416@example.com,0000-00000000,店长/经理,示例公司416
郭X,男,43,示例市417,user417@example.com,0000-00000000,硬件工程师,示例公司417
郑XX,女,54,示例市418,user418@example.com,0000-00000000,婚礼/庆典策划服务,示例公司418
陈X,女,29,示例市419,user419@example.com,0000-00000000,品牌/连锁招商管理,示例公司419
张X,男,47,示例市420,user420@example.com,0000-00000000,招聘专员/助理,示例公司420
宋X,女,38,示例市421,user421@example.com,0000-00000000,媒介专员,示例公司421
赵XX,女,39,示例市422,user422@example.com,0000-00000000,预结算员,示例公司422
梁X,男,23,示例市423,user423@example.com,0000-00000000,集成电路IC设计/应用工程师,示例公司423
罗XX,男,40,示例市424,user424@example.com,0000-00000000,税务经理/税务主管,示例公司424
谢X,男,54,示例市425,user425@example.com,0000-00000000,仪器/仪表/计量分析师,示例公司425
高X,女,20,示例市426,user426@example.com,0000-00000000,测绘/测量,示例公司426
孙X,男,35,示例市427,user427@example.com,0000-00000000,房地产内勤,示例公司427
王XX,女,51,示例市428,user428@example.com,0000-00000000,金融/经济研究员,示例公司428
董X,男,36,示例市429,user429@example.com,0000-00000000,寻呼员/话务员,示例公司429
张XX,女,62,示例市430,user430@example.com,0000-00000000,夹具工程师/技师,示例公司430
郭XX,女,35,示例市431,user431@example.com,0000-00000000,工程/机械/能源,示例公司431
吴X,女,32,示例市432,user432@example.com,0000-00000000,合伙人,示例公司432
罗X,女,36,示例市433,user433@example.com,0000-00000000,休闲娱乐,示例公司433
冯X,女,65,示例市434,user434@example.com,0000-00000000,固定资产会计,示例公司434
罗XX,男,63,示例市435,user435@example.com,0000-00000000,电子工程师/技术员,示例公司435
王X,男,26,示例市436,user436@example.com,0000-00000000,涂料研发工程师,示例公司436
谢XX,女,41,示例市437,user437@example.com,0000-00000000,铲车司机,示例公司437
黄X,男,28,示例市438,user438@example.com,0000-00000000,网店/淘宝运营,示例公司438
冯X,男,29,示例市439,user439@example.com,0000-00000000,漂染工,示例公司439
赵XX,女,31,示例市440,user440@example.com,0000-00000000,电梯工,示例公司440
于XX,男,60,示例市441,user441@example.com,0000-00000000,技术文员/助理,示例公司441
宋X,女,48,示例市442,user442@example.com,0000-00000000,语音/视频/图形开发工程师,示例公司442
胡X,女,41,示例市443,user443@example.com,0000-00000000,环境/健康/安全工程师（EHS）,示例公司443
吴X,男,35,示例市444,user444@example.com,0000-00000000,场长(农/林/牧/渔业),示例公司444
王XX,女,29,示例市445,user445@example.com,0000-00000000,临床研究员,示例公司445
朱X,女,21,示例市446,user446@example.com,0000-00000000,美容店长,示例公司446
谢X,女,29,示例市447,user447@example.com,0000-00000000,旅游产品销售,示例公司447
周XX,男,31,示例市448,user448@example.com,0000-00000000,FAE 现场应用工程师,示例公司448
周X,男,39,示例市449,user449@example.com,0000-00000000,家政保洁,示例公司449
高X,女,58,示例市450,user450@example.com,0000-00000000,生产经理/车间主任,示例公司450
杨X,男,18,示例市451,user451@example.com,0000-00000000,区域销售经理,示例公司451
王XX,女,59,示例市452,user452@example.com,0000-00000000,物业管理主管,示例公司452
罗X,男,23,示例市453,user453@example.com,0000-00000000,公关经理,示例公司453
冯XX,男,20,示例市454,user454@example.com,0000-00000000,足疗,示例公司454
黄X,女,35,示例市455,user455@example.com,0000-00000000,其他,示例公司455
吴X,男,58,示例市456,user456@example.com,0000-00000000,房地产销售,示例公司456
林XX,女,63,示例市457,user457@example.com,0000-00000000,汽车装饰美容,示例公司457
胡XX,男,39,示例市458,user458@example.com,0000-00000000,电池/电源开发,示例公司458
孙X,女,56,示例市459,user459@example.com,0000-00000000,空调维修,示例公司459
吴XX,男,32,示例市460,user460@example.com,0000-00000000,商务主管/专员,示例公司460
郑X,男,41,示例市461,user461@example.com,0000-00000000,其他,示例公司461
萧XX,女,41,示例市462,user462@example.com,0000-00000000,列车/地铁司机,示例公司462
朱X,女,30,示例市463,user463@example.com,0000-00000000,其他,示例公司463
杨XX,女,32,示例市464,user464@example.com,0000-00000000,Web前端开发,示例公司464
谢X,女,33,示例市465,user465@example.com,0000-00000000,用户体验（UE/UX）设计师,示例公司465
罗XX,男,33,示例市466,user466@example.com,0000-00000000,融资经理/融资主管,示例公司466
胡X,女,62,示例市467,user467@example.com,0000-00000000,培训专员/助理/培训师,示例公司467
周X,男,52,示例市468,user468@example.com,0000-00000000,生产计划/物料管理(PMC),示例公司468
赵XX,男,34,示例市469,user469@example.com,0000-00000000,经纪人/星探,示例公司469
杨X,女,61,示例市470,user470@example.com,0000-00000000,空调/热能工程师,示例公司470
孙XX,女,27,示例市471,user471@example.com,0000-00000000,炼胶工,示例公司471
胡XX,男,18,示例市472,user472@example.com,0000-00000000,水工,示例公司472
李X,男,59,示例市473,user473@example.com,0000-00000000,刨工,示例公司473
郑X,女,64,示例市474,user474@example.com,0000-00000000,编辑出版,示例公司474
宋X,男,53,示例市475,user475@example.com,0000-00000000,废气处理工程师,示例公司475
黄X,女,30,示例市476,user476@example.com,0000-00000000,出租车司机,示例公司476
陈X,男,54,示例市477,user477@example.com,0000-00000000,Web前端开发,示例公司477
张XX,男,61,示例市478,user478@example.com,0000-00000000,商务司机,示例公司478
李XX,女,52,示例市479,user479@example.com,0000-00000000,其他,示例公司479
郭XX,女,18,示例市480,user480@example.com,0000-00000000,调墨技师,示例公司480
孙X,女,41,示例市481,user481@example.com,0000-00000000,经理助理/秘书,示例公司481
周X,男,40,示例市482,user482@example.com,0000-00000000,测绘/测量,示例公司482
孙X,女,48,示例市483,user483@example.com,0000-00000000,前介工程师,示例公司483
谢XX,男,62,示例市484,user484@example.com,0000-00000000,针灸/推拿,示例公司484
徐X,男,52,示例市485,user485@example.com,0000-00000000,专业培训师,示例公司485
高X,女,58,示例市486,user486@example.com,0000-00000000,房地产销售经理/主管,示例公司486
韩X,女,45,示例市487,user487@example.com,0000-00000000,环保工程师,示例公司487
冯X,女,47,示例市488,user488@example.com,0000-00000000,药品市场推广主管/专员,示例公司488
萧X,女,43,示例市489,user489@example.com,0000-00000000,房地产资产管理,示例公司489
罗XX,男,34,示例市490,user490@example.com,0000-00000000,货运代理,示例公司490
郭XX,女,21,示例市491,user491@example.com,0000-00000000,学徒工,示例公司491
陈X,男,64,示例市492,user492@example.com,0000-00000000,空调维修,示例公司492
赵XX,男,32,示例市493,user493@example.com,0000-00000000,市场/营销/拓展主管,示例公司493
刘XX,女,37,示例市494,user494@example.com,0000-00000000,会计经理/会计主管,示例公司494
徐X,女,52,示例市495,user495@example.com,0000-00000000,风险管理/控制,示例公司495
董X,男,34,示例市496,user496@example.com,0000-00000000,服装/纺织设计总监,示例公司496
梁X,男,65,示例市497,user497@example.com,0000-00000000,工业/产品设计,示例公司497
张X,女,49,示例市498,user498@example.com,0000-00000000,材料工程师,示例公司498
林XX,女,28,示例市499,user499@example.com,0000-00000000,仿真应用工程师,示例公司499
赵XX,男,53,示例市500,user500@example.com,0000-00000000,销售代表,示例公司500
杨X,男,32,示例市501,user501@example.com,0000-00000000,销售行政专员,示例公司501
郑X,女,54,示例市502,user502@example.com,0000-00000000,认证工程师,示例公司502
何X,男,46,示例市503,user503@example.com,0000-00000000,车身/造型设计,示例公司503
黄X,女,44,示例市504,user504@example.com,0000-00000000,新能源电机工程师,示例公司504
刘XX,男,20,示例市505,user505@example.com,0000-00000000,行李员,示例公司505
孙X,男,62,示例市506,user506@example.com,0000-00000000,木工,示例公司506
周XX,女,35,示例市507,user507@example.com,0000-00000000,律师/法务/合规,示例公司507
周X,女,63,示例市508,user508@example.com,0000-00000000,通信电源工程师,示例公司508
于XX,男,39,示例市509,user509@example.com,0000-00000000,其他,示例公司509
孙XX,男,37,示例市510,user510@example.com,0000-00000000,酒店/宾馆销售,示例公司510
孙XX,女,62,示例市511,user511@example.com,0000-00000000,砌筑工,示例公司511
韩XX,男,43,示例市512,user512@example.com,0000-00000000,电子商务总监,示例公司512
董X,男,60,示例市513,user513@example.com,0000-00000000,大数据开发/分析,示例公司513
马XX,女,20,示例市514,user514@example.com,0000-00000000,故障分析工程师,示例公司514
宋X,男,58,示例市515,user515@example.com,0000-00000000,客户关系经理/主管,示例公司515
萧X,女,32,示例市516,user516@example.com,0000-00000000,销售行政经理/主管,示例公司516
萧X,女,57,示例市517,user517@example.com,0000-00000000,驻唱/歌手,示例公司517
罗X,男,57,示例市518,user518@example.com,0000-00000000,原画师,示例公司518
朱XX,男,26,示例市519,user519@example.com,0000-00000000,工程/机械绘图员,示例公司519
谢XX,女,21,示例市520,user520@example.com,0000-00000000,电工,示例公司520
董X,男,57,示例市521,user521@example.com,0000-00000000,配色工,示例公司521
郑XX,女,62,示例市522,user522@example.com,0000-00000000,其他,示例公司522
唐XX,女,47,示例市523,user523@example.com,0000-00000000,促销经理,示例公司523
赵X,女,48,示例市524,user524@example.com,0000-00000000,渠道/分销主管,示例公司524
王XX,女,38,示例市525,user525@example.com,0000-00000000,结构工程师,示例公司525
冯XX,女,43,示例市526,user526@example.com,0000-00000000,电池/电源开发,示例公司526
陈X,女,51,示例市527,user527@example.com,0000-00000000,塑料工程师,示例公司527
萧X,女,58,示例市528,user528@example.com,0000-00000000,讲师/助教,示例公司528
高X,男,23,示例市529,user529@example.com,0000-00000000,保险电销,示例公司529
徐XX,男,18,示例市530,user530@example.com,0000-00000000,车工,示例公司530
林XX,男,56,示例市531,user531@example.com,0000-00000000,网页设计/制作/美工,示例公司531
韩XX,女,49,示例市532,user532@example.com,0000-00000000,光伏系统工程师,示例公司532
高X,男,28,示例市533,user533@example.com,0000-00000000,会计,示例公司533
孙XX,女,19,示例市534,user534@example.com,0000-00000000,代驾,示例公司534
徐X,男,52,示例市535,user535@example.com,0000-00000000,公关专员,示例公司535
宋X,男,63,示例市536,user536@example.com,0000-00000000,校长,示例公司536
王X,女,49,示例市537,user537@example.com,0000-00000000,网络管理(Helpdesk),示例公司537
谢XX,女,19,示例市538,user538@example.com,0000-00000000,夹具工程师/技师,示例公司538
于XX,女,33,示例市539,user539@example.com,0000-00000000,采购,示例公司539
朱XX,女,28,示例市540,user540@example.com,0000-00000000,防损员/内保,示例公司540
高XX,男,22,示例市541,user541@example.com,0000-00000000,汽车安全性能工程师,示例公司541
唐X,女,53,示例市542,user542@example.com,0000-00000000,铸造/锻造工程师/技师,示例公司542
黄X,女,20,示例市543,user543@example.com,0000-00000000,国内贸易人员,示例公司543
谢XX,男,30,示例市544,user544@example.com,0000-00000000,激光/光电子技术,示例公司544
周XX,女,33,示例市545,user545@example.com,0000-00000000,IC验证工程师,示例公司545
唐X,男,47,示例市546,user546@example.com,0000-00000000,后期制作,示例公司546
刘XX,女,42,示例市547,user547@example.com,0000-00000000,固废工程师,示例公司547
罗X,女,55,示例市548,user548@example.com,0000-00000000,造纸研发,示例公司548
周X,女,39,示例市549,user549@example.com,0000-00000000,化工技术应用/化工工程师,示例公司549
李XX,女,31,示例市550,user550@example.com,0000-00000000,新能源电机工程师,示例公司550
吴X,男,56,示例市551,user551@example.com,0000-00000000,交通运输服务,示例公司551
杨XX,男,31,示例市552,user552@example.com,0000-00000000,其他,示例公司552
徐X,男,59,示例市553,user553@example.com,0000-00000000,体育运动教练,示例公司553
赵X,男,45,示例市554,user554@example.com,0000-00000000,美甲师,示例公司554
朱X,男,62,示例市555,user555@example.com,0000-00000000,汽车电工,示例公司555
高XX,女,63,示例市556,user556@example.com,0000-00000000,销售经理,示例公司556
罗XX,女,50,示例市557,user557@example.com,0000-00000000,化妆品研发,示例公司557
郭XX,男,43,示例市558,user558@example.com,0000-00000000,FAE 现场应用工程师,示例公司558
陈X,男,53,示例市559,user559@example.com,0000-00000000,行政经理/主管/办公室主任,示例公司559
王X,女,20,示例市560,user560@example.com,0000-00000000,营养师,示例公司560
唐XX,男,19,示例市561,user561@example.com,0000-00000000,供应链经理,示例公司561
于X,女,58,示例市562,user562@example.com,0000-00000000,电子商务专员,示例公司562
徐XX,男,25,示例市563,user563@example.com,0000-00000000,夹具工程师/技师,示例公司563
周X,女,49,示例市564,user564@example.com,0000-00000000,新能源电池工程师,示例公司564
高XX,女,27,示例市565,user565@example.com,0000-00000000,外语培训师,示例公司565
林X,男,39,示例市566,user566@example.com,0000-00000000,首席运营官COO,示例公司566
王XX,男,19,示例市567,user567@example.com,0000-00000000,中专/职校生,示例公司567
冯X,女,44,示例市568,user568@example.com,0000-00000000,商务助理,示例公司568
冯X,女,49,示例市569,user569@example.com,0000-00000000,其他,示例公司569
郭XX,男,51,示例市570,user570@example.com,0000-00000000,售前/售后技术支持工程师,示例公司570
赵XX,男,34,示例市571,user571@example.com,0000-00000000,油漆工,示例公司571
郭X,男,52,示例市572,user572@example.com,0000-00000000,放映经理/主管,示例公司572
何XX,男,60,示例市573,user573@example.com,0000-00000000,服装/纺织设计总监,示例公司573
赵XX,女,46,示例市574,user574@example.com,0000-00000000,专柜彩妆顾问(BA),示例公司574
谢X,女,42,示例市575,user575@example.com,0000-00000000,救生员,示例公司575
李X,男,38,示例市576,user576@example.com,0000-00000000,志愿者/社会工作者,示例公司576
陈XX,男,63,示例市577,user577@example.com,0000-00000000,房地产投资分析,示例公司577
萧XX,女,63,示例市578,user578@example.com,0000-00000000,有线传输工程师,示例公司578
马X,男,58,示例市579,user579@example.com,0000-00000000,项目执行/协调人员,示例公司579
朱XX,女,38,示例市580,user580@example.com,0000-00000000,造型师,示例公司580
谢X,男,18,示例市581,user581@example.com,0000-00000000,其他,示例公司581
赵X,男,22,示例市582,user582@example.com,0000-00000000,股票/期货操盘手,示例公司582
于XX,男,53,示例市583,user583@example.com,0000-00000000,其他,示例公司583
赵XX,男,60,示例市584,user584@example.com,0000-00000000,信贷管理,示例公司584
黄XX,男,45,示例市585,user585@example.com,0000-00000000,信息技术经理/主管,示例公司585
刘XX,男,39,示例市586,user586@example.com,0000-00000000,纸样师/车板工,示例公司586
何XX,男,28,示例市587,user587@example.com,0000-00000000,算法工程师,示例公司587
韩XX,女,21,示例市588,user588@example.com,0000-00000000,集成电路IC设计/应用工程师,示例公司588
林XX,女,26,示例市589,user589@example.com,0000-00000000,针织工,示例公司589
梁X,男,40,示例市590,user590@example.com,0000-00000000,艺术/设计总监,示例公司590
吴XX,女,23,示例市591,user591@example.com,0000-00000000,公关/媒介,示例公司591
李X,女,26,示例市592,user592@example.com,0000-00000000,工程/机械绘图员,示例公司592
朱XX,女,52,示例市593,user593@example.com,0000-00000000,化学分析测试员,示例公司593
罗XX,男,27,示例市594,user594@example.com,0000-00000000,网店淘宝,示例公司594
黄X,女,53,示例市595,user595@example.com,0000-00000000,牙科医生,示例公司595
杨X,女,42,示例市596,user596@example.com,0000-00000000,健身房服务,示例公司596
罗X,男,53,示例市597,user597@example.com,0000-00000000,展览/展示/店面设计,示例公司597
黄XX,男,63,示例市598,user598@example.com,0000-00000000,调研员,示例公司598
罗XX,女,30,示例市599,user599@example.com,0000-00000000,绩效考核专员/助理,示例公司599
罗XX,女,44,示例市600,user600@example.com,0000-00000000,综合业务经理/主管,示例公司600
于X,男,60,示例市601,user601@example.com,0000-00000000,物流主管,示例公司601
张X,女,39,示例市602,user602@example.com,0000-00000000,电脑维修,示例公司602
周XX,女,25,示例市603,user603@example.com,0000-00000000,漆工,示例公司603
韩XX,男,19,示例市604,user604@example.com,0000-00000000,风险控制,示例公司604
何XX,男,56,示例市605,user605@example.com,0000-00000000,其他,示例公司605
朱X,男,37,示例市606,user606@example.com,0000-00000000,设备主管,示例公司606
吴X,女,64,示例市607,user607@example.com,0000-00000000,多媒体设计,示例公司607
罗XX,男,41,示例市608,user608@example.com,0000-00000000,其他,示例公司608
李X,女,28,示例市609,user609@example.com,0000-00000000,售前/售后技术支持工程师,示例公司609
宋XX,男,62,示例市610,user610@example.com,0000-00000000,仓库管理员,示例公司610
于XX,男,25,示例市611,user611@example.com,0000-00000000,税务专员/助理,示例公司611
宋X,女,20,示例市612,user612@example.com,0000-00000000,焊工,示例公司612
马XX,女,39,示例市613,user613@example.com,0000-00000000,电池/电源开发,示例公司613
周X,女,60,示例市614,user614@example.com,0000-00000000,项目经理,示例公司614
萧X,男,50,示例市615,user615@example.com,0000-00000000,品类经理,示例公司615
萧XX,女,34,示例市616,user616@example.com,0000-00000000,月嫂,示例公司616
马X,女,30,示例市617,user617@example.com,0000-00000000,叉车司机,示例公司617
韩XX,女,54,示例市618,user618@example.com,0000-00000000,经理助理/秘书,示例公司618
赵X,女,50,示例市619,user619@example.com,0000-00000000,产品总监,示例公司619
马X,女,51,示例市620,user620@example.com,0000-00000000,环保工程师,示例公司620
杨X,女,50,示例市621,user621@example.com,0000-00000000,会务/会展专员,示例公司621
冯XX,男,34,示例市622,user622@example.com,0000-00000000,医药学术推广,示例公司622
于X,女,25,示例市623,user623@example.com,0000-00000000,科研人员,示例公司623
黄XX,女,41,示例市624,user624@example.com,0000-00000000,薪资福利专员/助理,示例公司624
吴XX,男,53,示例市625,user625@example.com,0000-00000000,投资/基金项目经理,示例公司625
于X,男,65,示例市626,user626@example.com,0000-00000000,仪器/仪表/计量分析师,示例公司626
郑X,男,23,示例市627,user627@example.com,0000-00000000,营养师,示例公司627
林X,男,32,示例市628,user628@example.com,0000-00000000,挡车工,示例公司628
唐XX,女,25,示例市629,user629@example.com,0000-00000000,生产经理/车间主任,示例公司629
梁X,男,57,示例市630,user630@example.com,0000-00000000,风险管理/控制,示例公司630
冯X,男,29,示例市631,user631@example.com,0000-00000000,监察人员,示例公司631
林XX,女,40,示例市632,user632@example.com,0000-00000000,Web前端开发,示例公司632
冯XX,男,63,示例市633,user633@example.com,0000-00000000,硫化工,示例公司633
周X,女,63,示例市634,user634@example.com,0000-00000000,机场代表,示例公司634
胡XX,女,18,示例市635,user635@example.com,0000-00000000,公司业务客户经理,示例公司635
何XX,男,23,示例市636,user636@example.com,0000-00000000,浇注工,示例公司636
黄X,男,32,示例市637,user637@example.com,0000-00000000,会籍顾问,示例公司637
梁X,女,56,示例市638,user638@example.com,0000-00000000,版图设计工程师,示例公司638
张X,女,56,示例市639,user639@example.com,0000-00000000,股票/期货操盘手,示例公司639
胡XX,女,63,示例市640,user640@example.com,0000-00000000,药品市场推广主管/专员,示例公司640
于X,女,65,示例市641,user641@example.com,0000-00000000,面料辅料开发,示例公司641
冯X,男,26,示例市642,user642@example.com,0000-00000000,电力线路工,示例公司642
谢X,男,38,示例市643,user643@example.com,0000-00000000,市场企划经理/主管,示例公司643
冯X,女,22,示例市644,user644@example.com,0000-00000000,督导/巡店,示例公司644
周X,女,53,示例市645,user645@example.com,0000-00000000,销售行政专员,示例公司645
郭X,女,22,示例市646,user646@example.com,0000-00000000,版图设计工程师,示例公司646
韩X,男,51,示例市647,user647@example.com,0000-00000000,其他,示例公司647
高XX,男,18,示例市648,user648@example.com,0000-00000000,市政工程师,示例公司648
韩XX,女,35,示例市649,user649@example.com,0000-00000000,舞蹈演员,示例公司649
韩X,女,50,示例市650,user650@example.com,0000-00000000,专科医生,示例公司650
韩XX,女,43,示例市651,user651@example.com,0000-00000000,其他,示例公司651
郭XX,女,41,示例市652,user652@example.com,0000-00000000,灯光师,示例公司652
吴XX,女,41,示例市653,user653@example.com,0000-00000000,采购主管,示例公司653
胡X,女,50,示例市654,user654@example.com,0000-00000000,房地产项目招投标,示例公司654
陈X,男,34,示例市655,user655@example.com,0000-00000000,培训经理/主管,示例公司655
周X,女,18,示例市656,user656@example.com,0000-00000000,物流主管,示例公司656
黄X,女,64,示例市657,user657@example.com,0000-00000000,翻译,示例公司657
林X,男,35,示例市658,user658@example.com,0000-00000000,公关经理,示例公司658
萧XX,男,18,示例市659,user659@example.com,0000-00000000,儿科医生,示例公司659
罗XX,女,19,示例市660,user660@example.com,0000-00000000,绩效考核专员/助理,示例公司660
于XX,女,29,示例市661,user661@example.com,0000-00000000,农业技术员,示例公司661
宋X,男,47,示例市662,user662@example.com,0000-00000000,泰语翻译,示例公司662
胡XX,女,54,示例市663,user663@example.com,0000-00000000,汽车电子工程师,示例公司663
李X,女,20,示例市664,user664@example.com,0000-00000000,理货员,示例公司664
林XX,女,48,示例市665,user665@example.com,0000-00000000,药库主任/药剂师,示例公司665
韩X,男,48,示例市666,user666@example.com,0000-00000000,药库主任/药剂师,示例公司666
林X,男,24,示例市667,user667@example.com,0000-00000000,房地产项目/策划主管/专员,示例公司667
高X,女,46,示例市668,user668@example.com,0000-00000000,人事经理,示例公司668
宋X,男,26,示例市669,user669@example.com,0000-00000000,其他,示例公司669
陈X,男,57,示例市670,user670@example.com,0000-00000000,投资/基金项目经理,示例公司670
刘X,女,44,示例市671,user671@example.com,0000-00000000,产品/品牌主管,示例公司671
冯XX,女,45,示例市672,user672@example.com,0000-00000000,开发报建,示例公司672
马XX,男,49,示例市673,user673@example.com,0000-00000000,数控编程,示例公司673
何XX,女,20,示例市674,user674@example.com,0000-00000000,资产评估/分析,示例公司674
冯X,男,60,示例市675,user675@example.com,0000-00000000,仿真应用工程师,示例公司675
郭X,男,61,示例市676,user676@example.com,0000-00000000,4S店经理/维修站经理,示例公司676
梁XX,女,53,示例市677,user677@example.com,0000-00000000,电脑操作员/打字员,示例公司677
罗X,女,36,示例市678,user678@example.com,0000-00000000,电分操作员,示例公司678
萧XX,男,46,示例市679,user679@example.com,0000-00000000,培训产品开发,示例公司679
谢X,男,60,示例市680,user680@example.com,0000-00000000,实习生,示例公司680
王XX,男,39,示例市681,user681@example.com,0000-00000000,其他,示例公司681
孙X,男,49,示例市682,user682@example.com,0000-00000000,宠物护理/美容,示例公司682
赵XX,男,50,示例市683,user683@example.com,0000-00000000,汽车设计工程师,示例公司683
张XX,女,53,示例市684,user684@example.com,0000-00000000,电子商务总监,示例公司684
林X,男,45,示例市685,user685@example.com,0000-00000000,会务/会展主管,示例公司685
宋XX,男,42,示例市686,user686@example.com,0000-00000000,其他,示例公司686
周X,男,47,示例市687,user687@example.com,0000-00000000,其他,示例公司687
吴XX,女,63,示例市688,user688@example.com,0000-00000000,生产主管,示例公司688
吴X,女,48,示例市689,user689@example.com,0000-00000000,给排水/暖通工程,示例公司689
周XX,女,56,示例市690,user690@example.com,0000-00000000,酒店前台,示例公司690
朱X,男,21,示例市691,user691@example.com,0000-00000000,商务助理,示例公司691
高X,男,44,示例市692,user692@example.com,0000-00000000,飞机机长/副机长,示例公司692
高XX,女,29,示例市693,user693@example.com,0000-00000000,面料辅料采购,示例公司693
张X,男,45,示例市694,user694@example.com,0000-00000000,动画/3D设计,示例公司694
黄XX,男,20,示例市695,user695@example.com,0000-00000000,模具工程师,示例公司695
张XX,女,22,示例市696,user696@example.com,0000-00000000,律师/法务/合规,示例公司696
胡X,女,44,示例市697,user697@example.com,0000-00000000,后勤,示例公司697
何X,女,23,示例市698,user698@example.com,0000-00000000,化妆师,示例公司698
徐XX,男,65,示例市699,user699@example.com,0000-00000000,医疗器械销售代表,示例公司699
李XX,男,37,示例市700,user700@example.com,0000-00000000,项目执行/协调人员,示例公司700
唐XX,男,57,示例市701,user701@example.com,0000-00000000,美容店长,示例公司701
于X,女,35,示例市702,user702@example.com,0000-00000000,其他,示例公司702
罗X,男,25,示例市703,user703@example.com,0000-00000000,企业/业务发展经理,示例公司703
马X,男,36,示例市704,user704@example.com,0000-00000000,洗衣工,示例公司704
吴XX,男,33,示例市705,user705@example.com,0000-00000000,畜牧师,示例公司705
刘XX,女,33,示例市706,user706@example.com,0000-00000000,UI设计师/顾问,示例公司706
韩X,女,36,示例市707,user707@example.com,0000-00000000,项目执行/协调人员,示例公司707
韩X,男,33,示例市708,user708@example.com,0000-00000000,清算人员,示例公司708
罗X,男,33,示例市709,user709@example.com,0000-00000000,大客户管理,示例公司709
高X,女,33,示例市710,user710@example.com,0000-00000000,用户体验（UE/UX）设计师,示例公司710
萧X,女,65,示例市711,user711@example.com,0000-00000000,注塑工程师/技师,示例公司711
吴XX,女,60,示例市712,user712@example.com,0000-00000000,系统工程师,示例公司712
宋XX,男,56,示例市713,user713@example.com,0000-00000000,中餐厨师,示例公司713
孙X,男,48,示例市714,user714@example.com,0000-00000000,列车/地铁车长,示例公司714
于XX,女,61,示例市715,user715@example.com,0000-00000000,化学分析测试员,示例公司715
高XX,男,61,示例市716,user716@example.com,0000-00000000,电气/电器工程师,示例公司716
于XX,女,24,示例市717,user717@example.com,0000-00000000,家政保洁,示例公司717
马X,女,22,示例市718,user718@example.com,0000-00000000,客服经理,示例公司718
韩XX,女,41,示例市719,user719@example.com,0000-00000000,美容店长,示例公司719
唐X,女,38,示例市720,user720@example.com,0000-00000000,销售行政及商务,示例公司720
吴X,男,55,示例市721,user721@example.com,0000-00000000,洗衣工,示例公司721
李X,女,57,示例市722,user722@example.com,0000-00000000,前介工程师,示例公司722
高XX,男,46,示例市723,user723@example.com,0000-00000000,政府事务管理,示例公司723
杨X,女,41,示例市724,user724@example.com,0000-00000000,其他,示例公司724
李XX,女,43,示例市725,user725@example.com,0000-00000000,锅炉工,示例公司725
马XX,女,28,示例市726,user726@example.com,0000-00000000,其他,示例公司726
何XX,男,23,示例市727,user727@example.com,0000-00000000,质量管理/验货员(QA/QC),示例公司727
宋X,男,27,示例市728,user728@example.com,0000-00000000,兼职,示例公司728
梁XX,男,54,示例市729,user729@example.com,0000-00000000,公关/媒介助理,示例公司729
梁X,女,23,示例市730,user730@example.com,0000-00000000,护士/护理人员,示例公司730
刘XX,女,49,示例市731,user731@example.com,0000-00000000,网络推广专员,示例公司731
郑XX,女,59,示例市732,user732@example.com,0000-00000000,美术编辑,示例公司732
徐XX,女,40,示例市733,user733@example.com,0000-00000000,数据通信工程师,示例公司733
冯XX,女,65,示例市734,user734@example.com,0000-00000000,绩效考核经理/主管,示例公司734
萧XX,男,24,示例市735,user735@example.com,0000-00000000,签证专员,示例公司735
郭X,女,40,示例市736,user736@example.com,0000-00000000,彩妆培训师,示例公司736
黄XX,女,64,示例市737,user737@example.com,0000-00000000,其他,示例公司737
谢X,男,57,示例市738,user738@example.com,0000-00000000,行政主厨/厨师长,示例公司738
马X,女,31,示例市739,user739@example.com,0000-00000000,楼宇自动化,示例公司739
孙XX,女,63,示例市740,user740@example.com,0000-00000000,驯兽师/助理驯兽师,示例公司740
孙XX,男,38,示例市741,user741@example.com,0000-00000000,软件测试,示例公司741
董XX,男,64,示例市742,user742@example.com,0000-00000000,培训产品开发,示例公司742
朱XX,男,24,示例市743,user743@example.com,0000-00000000,供应链经理,示例公司743
马XX,男,35,示例市744,user744@example.com,0000-00000000,环保检测,示例公司744
高XX,女,49,示例市745,user745@example.com,0000-00000000,店长/经理,示例公司745
孙XX,女,60,示例市746,user746@example.com,0000-00000000,融资专员,示例公司746
赵X,女,64,示例市747,user747@example.com,0000-00000000,工程/机械绘图员,示例公司747
胡X,男,60,示例市748,user748@example.com,0000-00000000,市场/营销/拓展总监,示例公司748
罗XX,男,26,示例市749,user749@example.com,0000-00000000,兼职,示例公司749
宋XX,女,36,示例市750,user750@example.com,0000-00000000,公路/桥梁/港口/隧道工程,示例公司750
唐XX,女,63,示例市751,user751@example.com,0000-00000000,业务跟单,示例公司751
董XX,女,25,示例市752,user752@example.com,0000-00000000,珠宝销售顾问,示例公司752
谢X,男,35,示例市753,user753@example.com,0000-00000000,舞蹈老师,示例公司753
张XX,女,23,示例市754,user754@example.com,0000-00000000,其他,示例公司754
何XX,女,43,示例市755,user755@example.com,0000-00000000,船长/副船长,示例公司755
王X,男,56,示例市756,user756@example.com,0000-00000000,清洁服务人员,示例公司756
刘XX,女,62,示例市757,user757@example.com,0000-00000000,舞蹈老师,示例公司757
宋X,女,37,示例市758,user758@example.com,0000-00000000,裁剪工,示例公司758
郭XX,女,46,示例市759,user759@example.com,0000-00000000,测绘/测量,示例公司759
张X,女,34,示例市760,user760@example.com,0000-00000000,包装设计,示例公司760
林XX,男,32,示例市761,user761@example.com,0000-00000000,保险精算师,示例公司761
梁XX,女,41,示例市762,user762@example.com,0000-00000000,列车/地铁司机,示例公司762
韩XX,女,52,示例市763,user763@example.com,0000-00000000,育婴师/保育员,示例公司763
高XX,女,59,示例市764,user764@example.com,0000-00000000,其他,示例公司764
杨XX,女,55,示例市765,user765@example.com,0000-00000000,互联网/电子商务/网游,示例公司765
冯XX,男,20,示例市766,user766@example.com,0000-00000000,物业设施管理人员,示例公司766
董X,女,65,示例市767,user767@example.com,0000-00000000,葡萄牙语翻译,示例公司767
徐XX,女,56,示例市768,user768@example.com,0000-00000000,计算机硬件,示例公司768
朱X,女,39,示例市769,user769@example.com,0000-00000000,职业技术教师,示例公司769
郭X,男,29,示例市770,user770@example.com,0000-00000000,固定资产会计,示例公司770
徐XX,女,51,示例市771,user771@example.com,0000-00000000,夹具工程师/技师,示例公司771
董XX,男,19,示例市772,user772@example.com,0000-00000000,广告客户总监/副总监,示例公司772
赵X,女,55,示例市773,user773@example.com,0000-00000000,编辑,示例公司773
郭XX,男,19,示例市774,user774@example.com,0000-00000000,营运主管,示例公司774
何X,女,37,示例市775,user775@example.com,0000-00000000,内外饰工程师,示例公司775
吴XX,男,46,示例市776,user776@example.com,0000-00000000,项目执行/协调人员,示例公司776
唐XX,女,35,示例市777,user777@example.com,0000-00000000,中医科医生,示例公司777
郭XX,女,60,示例市778,user778@example.com,0000-00000000,船员,示例公司778
梁X,男,64,示例市779,user779@example.com,0000-00000000,化验员,示例公司779
吴X,女,44,示例市780,user780@example.com,0000-00000000,钣金工,示例公司780
萧X,女,33,示例市781,user781@example.com,0000-00000000,店员/营业员,示例公司781
林XX,女,42,示例市782,user782@example.com,0000-00000000,CNC工程师,示例公司782
高XX,男,59,示例市783,user783@example.com,0000-00000000,传菜员,示例公司783
罗X,男,65,示例市784,user784@example.com,0000-00000000,采购助理,示例公司784
李XX,女,32,示例市785,user785@example.com,0000-00000000,电脑放码员,示例公司785
何X,女,18,示例市786,user786@example.com,0000-00000000,发型师,示例公司786
李XX,女,46,示例市787,user787@example.com,0000-00000000,板房/楦头/底格出格师,示例公司787
马XX,女,65,示例市788,user788@example.com,0000-00000000,信息技术专员,示例公司788
黄X,女,41,示例市789,user789@example.com,0000-00000000,客户关系经理/主管,示例公司789
马X,男,65,示例市790,user790@example.com,0000-00000000,监察人员,示例公司790
董XX,女,25,示例市791,user791@example.com,0000-00000000,磨工,示例公司791
朱X,男,56,示例市792,user792@example.com,0000-00000000,渠道/分销总监,示例公司792
于XX,女,62,示例市793,user793@example.com,0000-00000000,储备经理人,示例公司793
韩X,男,23,示例市794,user794@example.com,0000-00000000,工程/设备经理,示例公司794
梁XX,男,38,示例市795,user795@example.com,0000-00000000,校长,示例公司795
韩X,女,25,示例市796,user796@example.com,0000-00000000,收银主管,示例公司796
于XX,男,49,示例市797,user797@example.com,0000-00000000,车辆质量工程师,示例公司797
冯XX,女,21,示例市798,user798@example.com,0000-00000000,音效设计师,示例公司798
孙X,女,23,示例市799,user799@example.com,0000-00000000,铆工,示例公司799
马X,女,35,示例市800,user800@example.com,0000-00000000,电子商务总监,示例公司800
何XX,女,65,示例市801,user801@example.com,0000-00000000,造纸研发,示例公司801
梁XX,女,40,示例市802,user802@example.com,0000-00000000,业务跟单,示例公司802
冯X,女,38,示例市803,user803@example.com,0000-00000000,销售工程师,示例公司803
徐XX,男,51,示例市804,user804@example.com,0000-00000000,放射科医师,示例公司804
宋XX,男,60,示例市805,user805@example.com,0000-00000000,其他语种翻译,示例公司805
胡X,男,37,示例市806,user806@example.com,0000-00000000,月嫂,示例公司806
宋XX,女,57,示例市807,user807@example.com,0000-00000000,智能大厦/综合布线/安防/弱电,示例公司807
梁X,女,52,示例市808,user808@example.com,0000-00000000,其他,示例公司808
萧X,男,25,示例市809,user809@example.com,0000-00000000,技术文员/助理,示例公司809
黄XX,男,24,示例市810,user810@example.com,0000-00000000,人事助理,示例公司810
徐XX,男,35,示例市811,user811@example.com,0000-00000000,行政总监,示例公司811
李X,男,43,示例市812,user812@example.com,0000-00000000,业务分析经理/主管,示例公司812
高XX,女,61,示例市813,user813@example.com,0000-00000000,发型师,示例公司813
罗X,女,23,示例市814,user814@example.com,0000-00000000,娱乐服务员,示例公司814
黄XX,女,35,示例市815,user815@example.com,0000-00000000,技工普工,示例公司815
郑X,男,55,示例市816,user816@example.com,0000-00000000,贸易,示例公司816
何XX,男,21,示例市817,user817@example.com,0000-00000000,电子商务总监,示例公司817
张X,男,63,示例市818,user818@example.com,0000-00000000,预结算员,示例公司818
唐XX,男,37,示例市819,user819@example.com,0000-00000000,医疗器械研发,示例公司819
郭X,女,50,示例市820,user820@example.com,0000-00000000,裁床,示例公司820
谢XX,女,53,示例市821,user821@example.com,0000-00000000,药品市场推广主管/专员,示例公司821
萧XX,女,29,示例市822,user822@example.com,0000-00000000,网站编辑,示例公司822
高XX,男,18,示例市823,user823@example.com,0000-00000000,电子技术研发工程师,示例公司823
梁XX,女,49,示例市824,user824@example.com,0000-00000000,医疗器械维修人员,示例公司824
赵X,男,46,示例市825,user825@example.com,0000-00000000,酒店旅游,示例公司825
郑XX,男,24,示例市826,user826@example.com,0000-00000000,业务分析经理/主管,示例公司826
周X,男,54,示例市827,user827@example.com,0000-00000000,互联网/电子商务/网游,示例公司827
黄X,女,30,示例市828,user828@example.com,0000-00000000,网络推广经理/主管,示例公司828
罗X,男,55,示例市829,user829@example.com,0000-00000000,公路/桥梁/港口/隧道工程,示例公司829
郭XX,男,38,示例市830,user830@example.com,0000-00000000,安全员,示例公司830
宋X,女,20,示例市831,user831@example.com,0000-00000000,区域销售总监,示例公司831
胡X,男,35,示例市832,user832@example.com,0000-00000000,管道/暖通,示例公司832
林X,女,41,示例市833,user833@example.com,0000-00000000,发动机/总装工程师,示例公司833
赵XX,女,40,示例市834,user834@example.com,0000-00000000,版图设计工程师,示例公司834
何XX,女,48,示例市835,user835@example.com,0000-00000000,行政经理/主管/办公室主任,示例公司835
王XX,男,36,示例市836,user836@example.com,0000-00000000,促销主管/督导,示例公司836
梁X,女,18,示例市837,user837@example.com,0000-00000000,房地产内勤,示例公司837
何X,女,59,示例市838,user838@example.com,0000-00000000,汽车检验/检测,示例公司838
董X,男,41,示例市839,user839@example.com,0000-00000000,金融/证券/期货/投资,示例公司839
宋X,女,30,示例市840,user840@example.com,0000-00000000,板房/楦头/底格出格师,示例公司840
孙XX,男,44,示例市841,user841@example.com,0000-00000000,酒店前台,示例公司841
刘XX,男,18,示例市842,user842@example.com,0000-00000000,其他,示例公司842
林XX,男,28,示例市843,user843@example.com,0000-00000000,酒店旅游,示例公司843
唐XX,女,42,示例市844,user844@example.com,0000-00000000,麻醉医生,示例公司844
陈X,男,40,示例市845,user845@example.com,0000-00000000,自动控制工程师/技术员,示例公司845
张XX,男,41,示例市846,user846@example.com,0000-00000000,法语翻译,示例公司846
高X,女,45,示例市847,user847@example.com,0000-00000000,技术总监/经理,示例公司847
胡X,男,26,示例市848,user848@example.com,0000-00000000,开发报建,示例公司848
谢X,女,55,示例市849,user849@example.com,0000-00000000,行政专员/助理,示例公司849
周XX,男,61,示例市850,user850@example.com,0000-00000000,医疗器械生产/质量管理,示例公司850
陈XX,男,37,示例市851,user851@example.com,0000-00000000,建筑工程验收,示例公司851
徐XX,女,50,示例市852,user852@example.com,0000-00000000,其他,示例公司852
萧X,女,40,示例市853,user853@example.com,0000-00000000,车工,示例公司853
谢XX,男,51,示例市854,user854@example.com,0000-00000000,新能源电机工程师,示例公司854
周XX,男,26,示例市855,user855@example.com,0000-00000000,其他,示例公司855
郑XX,男,44,示例市856,user856@example.com,0000-00000000,销售经理,示例公司856
王XX,女,60,示例市857,user857@example.com,0000-00000000,运动健身,示例公司857
郭XX,女,50,示例市858,user858@example.com,0000-00000000,企业文化/员工关系/工会管理,示例公司858
唐XX,男,24,示例市859,user859@example.com,0000-00000000,咨询员,示例公司859
李XX,男,42,示例市860,user860@example.com,0000-00000000,瓦工,示例公司860
董XX,男,18,示例市861,user861@example.com,0000-00000000,维修经理/主管,示例公司861
林X,女,63,示例市862,user862@example.com,0000-00000000,健身房服务,示例公司862
唐X,男,39,示例市863,user863@example.com,0000-00000000,出租车司机,示例公司863
王XX,女,58,示例市864,user864@example.com,0000-00000000,渠道/分销总监,示例公司864
李XX,男,26,示例市865,user865@example.com,0000-00000000,装订工,示例公司865
冯XX,男,56,示例市866,user866@example.com,0000-00000000,农/林/牧/渔,示例公司866
黄X,男,59,示例市867,user867@example.com,0000-00000000,打样/制版,示例公司867
吴XX,女,26,示例市868,user868@example.com,0000-00000000,美容保健,示例公司868
杨XX,女,52,示例市869,user869@example.com,0000-00000000,结构工程师,示例公司869
徐X,女,59,示例市870,user870@example.com,0000-00000000,饲养员,示例公司870
孙XX,女,60,示例市871,user871@example.com,0000-00000000,培训策划,示例公司871
徐XX,女,19,示例市872,user872@example.com,0000-00000000,家电维修,示例公司872
周X,女,33,示例市873,user873@example.com,0000-00000000,印刷排版/制版,示例公司873
吴XX,女,62,示例市874,user874@example.com,0000-00000000,培训专员/助理/培训师,示例公司874
郭X,女,34,示例市875,user875@example.com,0000-00000000,舞蹈演员,示例公司875
陈X,男,27,示例市876,user876@example.com,0000-00000000,发型师,示例公司876
高X,女,30,示例市877,user877@example.com,0000-00000000,其他,示例公司877
于XX,女,63,示例市878,user878@example.com,0000-00000000,公关/媒介,示例公司878
赵X,男,42,示例市879,user879@example.com,0000-00000000,其他,示例公司879
孙XX,男,63,示例市880,user880@example.com,0000-00000000,宾客服务经理,示例公司880
梁XX,女,40,示例市881,user881@example.com,0000-00000000,审计经理/主管,示例公司881
谢XX,女,44,示例市882,user882@example.com,0000-00000000,网络工程师,示例公司882
马X,女,21,示例市883,user883@example.com,0000-00000000,预定员,示例公司883
董XX,女,40,示例市884,user884@example.com,0000-00000000,样衣工,示例公司884
徐X,女,37,示例市885,user885@example.com,0000-00000000,搬运工,示例公司885
赵X,女,62,示例市886,user886@example.com,0000-00000000,锅炉工,示例公司886
黄XX,女,48,示例市887,user887@example.com,0000-00000000,餐厅领班,示例公司887
梁X,女,37,示例市888,user888@example.com,0000-00000000,税务经理/税务主管,示例公司888
朱XX,男,34,示例市889,user889@example.com,0000-00000000,药品注册,示例公司889
李X,女,57,示例市890,user890@example.com,0000-00000000,组装工,示例公司890
黄X,男,44,示例市891,user891@example.com,0000-00000000,行李员,示例公司891
刘X,女,48,示例市892,user892@example.com,0000-00000000,其他,示例公司892
高XX,男,31,示例市893,user893@example.com,0000-00000000,系统测试,示例公司893
董XX,男,55,示例市894,user894@example.com,0000-00000000,晒版员,示例公司894
杨XX,男,44,示例市895,user895@example.com,0000-00000000,网站维护工程师,示例公司895
罗X,男,56,示例市896,user896@example.com,0000-00000000,环保,示例公司896
王XX,男,65,示例市897,user897@example.com,0000-00000000,车工,示例公司897
林X,男,47,示例市898,user898@example.com,0000-00000000,UI设计师/顾问,示例公司898
于X,男,61,示例市899,user899@example.com,0000-00000000,内科医生,示例公司899
萧X,女,61,示例市900,user900@example.com,0000-00000000,生产总监,示例公司900
杨X,男,53,示例市901,user901@example.com,0000-00000000,兼职,示例公司901
胡X,女,24,示例市902,user902@example.com,0000-00000000,网站运营专员,示例公司902
谢XX,女,21,示例市903,user903@example.com,0000-00000000,切割技工,示例公司903
谢XX,女,47,示例市904,user904@example.com,0000-00000000,公关总监,示例公司904
韩X,女,47,示例市905,user905@example.com,0000-00000000,绿化工,示例公司905
刘XX,男,55,示例市906,user906@example.com,0000-00000000,总编/副总编,示例公司906
梁X,女,38,示例市907,user907@example.com,0000-00000000,记者,示例公司907
郭X,男,33,示例市908,user908@example.com,0000-00000000,公务员,示例公司908
马XX,女,41,示例市909,user909@example.com,0000-00000000,公司业务客户经理,示例公司909
吴XX,女,60,示例市910,user910@example.com,0000-00000000,呼叫中心客服,示例公司910
冯X,女,48,示例市911,user911@example.com,0000-00000000,通信电源工程师,示例公司911
萧X,女,50,示例市912,user912@example.com,0000-00000000,杂工,示例公司912
马X,男,54,示例市913,user913@example.com,0000-00000000,百货零售,示例公司913
郑XX,女,31,示例市914,user914@example.com,0000-00000000,西班牙语翻译,示例公司914
朱XX,男,37,示例市915,user915@example.com,0000-00000000,中国方言翻译,示例公司915
董XX,男,20,示例市916,user916@example.com,0000-00000000,电梯工,示例公司916
罗X,男,25,示例市917,user917@example.com,0000-00000000,酒店/宾馆销售,示例公司917
陈X,男,21,示例市918,user918@example.com,0000-00000000,护士/护理人员,示例公司918
刘XX,女,31,示例市919,user919@example.com,0000-00000000,行政总监,示例公司919
胡XX,男,62,示例市920,user920@example.com,0000-00000000,会务/会展经理,示例公司920
刘X,女,29,示例市921,user921@example.com,0000-00000000,物流/仓储,示例公司921
唐X,男,57,示例市922,user922@example.com,0000-00000000,广告客户总监/副总监,示例公司922
高X,女,18,示例市923,user923@example.com,0000-00000000,锅炉工程师/技师,示例公司923
唐XX,男,34,示例市924,user924@example.com,0000-00000000,模具工,示例公司924
周XX,男,38,示例市925,user925@example.com,0000-00000000,嵌入式硬件开发(主板机…),示例公司925
胡XX,女,34,示例市926,user926@example.com,0000-00000000,会籍顾问,示例公司926
韩X,女,32,示例市927,user927@example.com,0000-00000000,供应链经理,示例公司927
马X,男,44,示例市928,user928@example.com,0000-00000000,研究生,示例公司928
林XX,女,63,示例市929,user929@example.com,0000-00000000,放映员,示例公司929
杨XX,男,55,示例市930,user930@example.com,0000-00000000,物流经理,示例公司930
胡X,女,57,示例市931,user931@example.com,0000-00000000,网店店铺管理员,示例公司931
罗XX,女,34,示例市932,user932@example.com,0000-00000000,其他,示例公司932
胡XX,男,56,示例市933,user933@example.com,0000-00000000,铣工,示例公司933
周X,女,25,示例市934,user934@example.com,0000-00000000,版图设计工程师,示例公司934
罗X,女,29,示例市935,user935@example.com,0000-00000000,业务跟单经理,示例公司935
萧XX,女,34,示例市936,user936@example.com,0000-00000000,项目总监,示例公司936
胡XX,男,49,示例市937,user937@example.com,0000-00000000,IC验证工程师,示例公司937
何XX,男,58,示例市938,user938@example.com,0000-00000000,业务跟单经理,示例公司938
梁X,女,21,示例市939,user939@example.com,0000-00000000,洗碗工,示例公司939
徐X,女,53,示例市940,user940@example.com,0000-00000000,商务助理,示例公司940
李X,女,32,示例市941,user941@example.com,0000-00000000,幼教,示例公司941
徐X,女,56,示例市942,user942@example.com,0000-00000000,调色员,示例公司942
高XX,女,48,示例市943,user943@example.com,0000-00000000,SEO/SEM,示例公司943
萧XX,女,52,示例市944,user944@example.com,0000-00000000,清洁服务人员,示例公司944
刘XX,男,35,示例市945,user945@example.com,0000-00000000,生物/制药/医疗器械,示例公司945
宋XX,女,36,示例市946,user946@example.com,0000-00000000,仓库管理员,示例公司946
冯X,男,56,示例市947,user947@example.com,0000-00000000,首席执行官CEO/总裁/总经理,示例公司947
谢X,男,55,示例市948,user948@example.com,0000-00000000,业务跟单,示例公司948
何X,男,48,示例市949,user949@example.com,0000-00000000,产品专员,示例公司949
胡XX,男,60,示例市950,user950@example.com,0000-00000000,心理医生,示例公司950
李XX,男,34,示例市951,user951@example.com,0000-00000000,其他,示例公司951
于X,男,59,示例市952,user952@example.com,0000-00000000,月嫂,示例公司952
林XX,男,47,示例市953,user953@example.com,0000-00000000,电分操作员,示例公司953
陈X,男,20,示例市954,user954@example.com,0000-00000000,动力总成工程师,示例公司954
杨X,女,21,示例市955,user955@example.com,0000-00000000,法务主管/专员,示例公司955
谢X,女,42,示例市956,user956@example.com,0000-00000000,项目工程师,示例公司956
韩X,女,29,示例市957,user957@example.com,0000-00000000,测试员,示例公司957
萧X,女,33,示例市958,user958@example.com,0000-00000000,其他,示例公司958
马X,女,48,示例市959,user959@example.com,0000-00000000,网络管理(Helpdesk),示例公司959
董XX,男,30,示例市960,user960@example.com,0000-00000000,其他,示例公司960
郑X,男,21,示例市961,user961@example.com,0000-00000000,焊工,示例公司961
马XX,男,27,示例市962,user962@example.com,0000-00000000,企业秘书/董事会秘书,示例公司962
马XX,女,27,示例市963,user963@example.com,0000-00000000,产品专员,示例公司963
萧X,男,45,示例市964,user964@example.com,0000-00000000,汽车喷漆,示例公司964
孙XX,男,23,示例市965,user965@example.com,0000-00000000,洗车工,示例公司965
韩X,男,18,示例市966,user966@example.com,0000-00000000,会计经理/会计主管,示例公司966
杨XX,女,38,示例市967,user967@example.com,0000-00000000,ERP实施顾问,示例公司967
吴X,男,35,示例市968,user968@example.com,0000-00000000,收银员,示例公司968
黄X,女,34,示例市969,user969@example.com,0000-00000000,救生员,示例公司969
朱XX,女,51,示例市970,user970@example.com,0000-00000000,银行柜员,示例公司970
郑X,女,54,示例市971,user971@example.com,0000-00000000,其他,示例公司971
杨X,女,34,示例市972,user972@example.com,0000-00000000,喷塑工,示例公司972
冯XX,女,29,示例市973,user973@example.com,0000-00000000,网络管理(Helpdesk),示例公司973
高XX,男,58,示例市974,user974@example.com,0000-00000000,市政工程师,示例公司974
宋X,女,29,示例市975,user975@example.com,0000-00000000,大学/大专应届毕业生,示例公司975
萧X,男,51,示例市976,user976@example.com,0000-00000000,网络/在线销售,示例公司976
孙X,女,63,示例市977,user977@example.com,0000-00000000,风险管理/控制,示例公司977
陈XX,女,21,示例市978,user978@example.com,0000-00000000,其他,示例公司978
胡X,男,48,示例市979,user979@example.com,0000-00000000,投资银行财务分析,示例公司979
宋X,男,49,示例市980,user980@example.com,0000-00000000,物业维修员,示例公司980
林X,男,49,示例市981,user981@example.com,0000-00000000,人事助理,示例公司981
何XX,男,40,示例市982,user982@example.com,0000-00000000,中学教师,示例公司982
王XX,女,54,示例市983,user983@example.com,0000-00000000,刨工,示例公司983
马X,女,61,示例市984,user984@example.com,0000-00000000,兼职,示例公司984
胡XX,女,47,示例市985,user985@example.com,0000-00000000,销售总监,示例公司985
杨X,女,25,示例市986,user986@example.com,0000-00000000,培训/课程顾问,示例公司986
谢XX,女,54,示例市987,user987@example.com,0000-00000000,软件UI设计师/工程师,示例公司987
刘X,女,40,示例市988,user988@example.com,0000-00000000,结构工程师,示例公司988
徐X,男,43,示例市989,user989@example.com,0000-00000000,漆工,示例公司989
吴X,女,65,示例市990,user990@example.com,0000-00000000,总监/部门经理,示例公司990
郭XX,女,38,示例市991,user991@example.com,0000-00000000,网站运营总监,示例公司991
宋XX,女,62,示例市992,user992@example.com,0000-00000000,折弯工,示例公司992
罗X,女,35,示例市993,user993@example.com,0000-00000000,规划与设计,示例公司993
张X,男,55,示例市994,user994@example.com,0000-00000000,保险,示例公司994
赵XX,女,46,示例市995,user995@example.com,0000-00000000,乘务员,示例公司995
王XX,男,44,示例市996,user996@example.com,0000-00000000,电话销售,示例公司996
朱X,男,32,示例市997,user997@example.com,0000-00000000,资金经理/主管,示例公司997
徐XX,男,35,示例市998,user998@example.com,0000-00000000,临床协调员,示例公司998
宋XX,男,40,示例市999,user999@example.com,0000-00000000,嵌入式软件开发(Linux/单片机/PLC/DSP…),示例公司999
孙X,女,62,示例市1000,user1000@example.com,0000-00000000,配色技术员,示例公司1000
李X,男,58,示例市1001,user1001@example.com,0000-00000000,汽车钣金,示例公司1001
黄X,男,44,示例市1002,user1002@example.com,0000-00000000,其他,示例公司1002
梁XX,女,63,示例市1003,user1003@example.com,0000-00000000,印刷机械机长,示例公司1003
马XX,男,49,示例市1004,user1004@example.com,0000-00000000,生产领班/组长,示例公司1004
何X,男,34,示例市1005,user1005@example.com,0000-00000000,大客户管理,示例公司1005
郭X,男,57,示例市1006,user1006@example.com,0000-00000000,产品总监,示例公司1006
陈XX,女,35,示例市1007,user1007@example.com,0000-00000000,压痕工,示例公司1007
朱XX,男,18,示例市1008,user1008@example.com,0000-00000000,拍卖/担保/典当业务,示例公司1008
马XX,男,57,示例市1009,user1009@example.com,0000-00000000,电力线路工,示例公司1009
冯X,女,30,示例市1010,user1010@example.com,0000-00000000,新能源电池工程师,示例公司1010
罗XX,男,50,示例市1011,user1011@example.com,0000-00000000,化工,示例公司1011
杨XX,男,59,示例市1012,user1012@example.com,0000-00000000,数码直印/菲林输出,示例公司1012
朱XX,男,60,示例市1013,user1013@example.com,0000-00000000,机械工程师,示例公司1013
朱X,女,54,示例市1014,user1014@example.com,0000-00000000,维修经理/主管,示例公司1014
宋X,女,51,示例市1015,user1015@example.com,0000-00000000,冲压工,示例公司1015
孙XX,女,42,示例市1016,user1016@example.com,0000-00000000,英语翻译,示例公司1016
赵XX,女,18,示例市1017,user1017@example.com,0000-00000000,装订工,示例公司1017
张X,男,56,示例市1018,user1018@example.com,0000-00000000,影视/媒体,示例公司1018
朱XX,女,49,示例市1019,user1019@example.com,0000-00000000,房地产投资管理,示例公司1019
周XX,男,21,示例市1020,user1020@example.com,0000-00000000,汽车项目管理,示例公司1020
李X,女,59,示例市1021,user1021@example.com,0000-00000000,财务分析员,示例公司1021
杨X,男,33,示例市1022,user1022@example.com,0000-00000000,高级建筑工程师/总工,示例公司1022
张XX,女,21,示例市1023,user1023@example.com,0000-00000000,其他,示例公司1023
罗X,女,59,示例市1024,user1024@example.com,0000-00000000,配置管理工程师,示例公司1024
胡XX,男,55,示例市1025,user1025@example.com,0000-00000000,电子/电器维修工程师/技师,示例公司1025
李X,女,18,示例市1026,user1026@example.com,0000-00000000,其他,示例公司1026
宋XX,女,33,示例市1027,user1027@example.com,0000-00000000,平面设计师,示例公司1027
唐X,男,45,示例市1028,user1028@example.com,0000-00000000,光伏系统工程师,示例公司1028
马X,女,27,示例市1029,user1029@example.com,0000-00000000,销售行政助理,示例公司1029
孙XX,男,58,示例市1030,user1030@example.com,0000-00000000,服装/纺织设计,示例公司1030
谢XX,女,36,示例市1031,user1031@example.com,0000-00000000,培训生,示例公司1031
唐X,女,27,示例市1032,user1032@example.com,0000-00000000,销售助理,示例公司1032
韩X,女,21,示例市1033,user1033@example.com,0000-00000000,模具工,示例公司1033
何XX,男,49,示例市1034,user1034@example.com,0000-00000000,销售主管,示例公司1034
董XX,男,39,示例市1035,user1035@example.com,0000-00000000,美容助理,示例公司1035
周X,女,46,示例市1036,user1036@example.com,0000-00000000,进出口/信用证结算,示例公司1036
吴XX,女,35,示例市1037,user1037@example.com,0000-00000000,石油天然气技术人员,示例公司1037
周XX,男,18,示例市1038,user1038@example.com,0000-00000000,广告客户经理,示例公司1038
宋X,男,55,示例市1039,user1039@example.com,0000-00000000,保险客户服务/续期管理,示例公司1039
萧X,男,30,示例市1040,user1040@example.com,0000-00000000,保险经纪人/保险代理,示例公司1040
徐X,男,27,示例市1041,user1041@example.com,0000-00000000,店长/经理,示例公司1041
孙X,男,42,示例市1042,user1042@example.com,0000-00000000,财务分析员,示例公司1042
刘X,女,61,示例市1043,user1043@example.com,0000-00000000,材料工程师,示例公司1043
萧XX,男,29,示例市1044,user1044@example.com,0000-00000000,学徒工,示例公司1044
吴X,男,62,示例市1045,user1045@example.com,0000-00000000,其他,示例公司1045
孙XX,女,28,示例市1046,user1046@example.com,0000-00000000,保安人员,示例公司1046
唐XX,男,45,示例市1047,user1047@example.com,0000-00000000,网站策划,示例公司1047
林XX,男,18,示例市1048,user1048@example.com,0000-00000000,其他,示例公司1048
杨XX,男,59,示例市1049,user1049@example.com,0000-00000000,区域销售总监,示例公司1049
高XX,女,27,示例市1050,user1050@example.com,0000-00000000,建筑机电工程师,示例公司1050
冯X,男,48,示例市1051,user1051@example.com,0000-00000000,互联网软件开发工程师,示例公司1051
董X,男,22,示例市1052,user1052@example.com,0000-00000000,针织工,示例公司1052
谢XX,男,19,示例市1053,user1053@example.com,0000-00000000,硬件测试,示例公司1053
赵X,女,40,示例市1054,user1054@example.com,0000-00000000,党工团干事,示例公司1054
徐XX,女,47,示例市1055,user1055@example.com,0000-00000000,计量工程师,示例公司1055
冯XX,男,65,示例市1056,user1056@example.com,0000-00000000,区域销售总监,示例公司1056
黄X,女,52,示例市1057,user1057@example.com,0000-00000000,物流/仓储,示例公司1057
梁X,男,47,示例市1058,user1058@example.com,0000-00000000,铸造/锻造工程师/技师,示例公司1058
何XX,男,28,示例市1059,user1059@example.com,0000-00000000,促销员/导购,示例公司1059
刘XX,女,39,示例市1060,user1060@example.com,0000-00000000,高级业务跟单,示例公司1060
李X,女,47,示例市1061,user1061@example.com,0000-00000000,职业技术教师,示例公司1061
杨X,男,33,示例市1062,user1062@example.com,0000-00000000,网店美工,示例公司1062
郭X,女,54,示例市1063,user1063@example.com,0000-00000000,电话销售,示例公司1063
刘X,男,51,示例市1064,user1064@example.com,0000-00000000,其他,示例公司1064
罗X,男,58,示例市1065,user1065@example.com,0000-00000000,物流经理,示例公司1065
吴XX,男,18,示例市1066,user1066@example.com,0000-00000000,装配工程师/技师,示例公司1066
王XX,男,37,示例市1067,user1067@example.com,0000-00000000,房产项目配套工程师,示例公司1067
萧X,男,44,示例市1068,user1068@example.com,0000-00000000,技工,示例公司1068
吴X,男,61,示例市1069,user1069@example.com,0000-00000000,其他,示例公司1069
罗X,女,40,示例市1070,user1070@example.com,0000-00000000,工厂经理/厂长,示例公司1070
陈XX,女,51,示例市1071,user1071@example.com,0000-00000000,搬运工,示例公司1071
罗XX,女,48,示例市1072,user1072@example.com,0000-00000000,其他,示例公司1072
高XX,女,24,示例市1073,user1073@example.com,0000-00000000,空调工,示例公司1073
赵XX,男,43,示例市1074,user1074@example.com,0000-00000000,房产项目配套工程师,示例公司1074
梁XX,女,41,示例市1075,user1075@example.com,0000-00000000,吹膜工,示例公司1075
萧X,男,44,示例市1076,user1076@example.com,0000-00000000,媒介专员,示例公司1076
宋XX,女,63,示例市1077,user1077@example.com,0000-00000000,IT-管理,示例公司1077
郑XX,男,32,示例市1078,user1078@example.com,0000-00000000,服装/纺织设计,示例公司1078
何XX,男,41,示例市1079,user1079@example.com,0000-00000000,买手,示例公司1079
萧X,女,61,示例市1080,user1080@example.com,0000-00000000,算法工程师,示例公司1080
马X,男,25,示例市1081,user1081@example.com,0000-00000000,业务跟单,示例公司1081
郭XX,女,44,示例市1082,user1082@example.com,0000-00000000,电分操作员,示例公司1082
徐X,男,53,示例市1083,user1083@example.com,0000-00000000,教师,示例公司1083
刘XX,男,27,示例市1084,user1084@example.com,0000-00000000,兼职,示例公司1084
冯XX,男,29,示例市1085,user1085@example.com,0000-00000000,汽车机构工程师,示例公司1085
宋X,男,36,示例市1086,user1086@example.com,0000-00000000,快递员,示例公司1086
赵XX,男,21,示例市1087,user1087@example.com,0000-00000000,投资银行业务,示例公司1087
张X,男,61,示例市1088,user1088@example.com,0000-00000000,锅炉工,示例公司1088
宋X,男,60,示例市1089,user1089@example.com,0000-00000000,结构工程师,示例公司1089
冯X,男,45,示例市1090,user1090@example.com,0000-00000000,印刷工,示例公司1090
林X,女,19,示例市1091,user1091@example.com,0000-00000000,医疗器械维修人员,示例公司1091
何XX,女,36,示例市1092,user1092@example.com,0000-00000000,移动通信工程师,示例公司1092
黄XX,男,26,示例市1093,user1093@example.com,0000-00000000,其他,示例公司1093
冯X,男,21,示例市1094,user1094@example.com,0000-00000000,成本经理/成本主管,示例公司1094
冯XX,女,23,示例市1095,user1095@example.com,0000-00000000,票务,示例公司1095
黄X,男,37,示例市1096,user1096@example.com,0000-00000000,激光/光电子技术,示例公司1096
董XX,女,52,示例市1097,user1097@example.com,0000-00000000,供应商管理,示例公司1097
萧X,女,26,示例市1098,user1098@example.com,0000-00000000,电子软件开发(ARM/MCU...),示例公司1098
谢X,女,37,示例市1099,user1099@example.com,0000-00000000,经纪人/星探,示例公司1099
韩X,女,40,示例市1100,user1100@example.com,0000-00000000,室内设计,示例公司1100
周XX,女,65,示例市1101,user1101@example.com,0000-00000000,副总经理/副总裁,示例公司1101
赵XX,女,57,示例市1102,user1102@example.com,0000-00000000,商务经理,示例公司1102
萧XX,男,48,示例市1103,user1103@example.com,0000-00000000,导游/旅行顾问,示例公司1103
张X,女,26,示例市1104,user1104@example.com,0000-00000000,党工团干事,示例公司1104
林X,男,47,示例市1105,user1105@example.com,0000-00000000,其他,示例公司1105
何X,女,20,示例市1106,user1106@example.com,0000-00000000,其他,示例公司1106
于X,男,65,示例市1107,user1107@example.com,0000-00000000,整经工,示例公司1107
郑XX,男,19,示例市1108,user1108@example.com,0000-00000000,成本经理/成本主管,示例公司1108
赵X,女,60,示例市1109,user1109@example.com,0000-00000000,礼仪/迎宾,示例公司1109
林X,男,47,示例市1110,user1110@example.com,0000-00000000,物流总监,示例公司1110
梁X,男,34,示例市1111,user1111@example.com,0000-00000000,订单处理员,示例公司1111
徐X,男,23,示例市1112,user1112@example.com,0000-00000000,财务总监,示例公司1112
于X,男,21,示例市1113,user1113@example.com,0000-00000000,生产/营运,示例公司1113
马X,女,44,示例市1114,user1114@example.com,0000-00000000,印刷机械机长,示例公司1114
林X,男,20,示例市1115,user1115@example.com,0000-00000000,临床协调员,示例公司1115
马X,女,51,示例市1116,user1116@example.com,0000-00000000,4S店经理/维修站经理,示例公司1116
张X,男,60,示例市1117,user1117@example.com,0000-00000000,冲压工,示例公司1117
唐XX,男,30,示例市1118,user1118@example.com,0000-00000000,公关专员,示例公司1118
于XX,女,37,示例市1119,user1119@example.com,0000-00000000,电话销售,示例公司1119
高XX,女,21,示例市1120,user1120@example.com,0000-00000000,技工,示例公司1120
林X,女,40,示例市1121,user1121@example.com,0000-00000000,医药销售经理/主管,示例公司1121
徐X,男,36,示例市1122,user1122@example.com,0000-00000000,工长,示例公司1122
梁X,女,53,示例市1123,user1123@example.com,0000-00000000,房产项目配套工程师,示例公司1123
唐XX,女,29,示例市1124,user1124@example.com,0000-00000000,通信技术工程师,示例公司1124
周XX,男,62,示例市1125,user1125@example.com,0000-00000000,医院/医疗/护理,示例公司1125
周XX,女,46,示例市1126,user1126@example.com,0000-00000000,大堂经理,示例公司1126
郑X,男,21,示例市1127,user1127@example.com,0000-00000000,投资银行业务,示例公司1127
董XX,女,64,示例市1128,user1128@example.com,0000-00000000,模具工程师,示例公司1128
罗X,男,45,示例市1129,user1129@example.com,0000-00000000,高级硬件工程师,示例公司1129
王X,女,23,示例市1130,user1130@example.com,0000-00000000,收银员,示例公司1130
陈XX,女,18,示例市1131,user1131@example.com,0000-00000000,行政总监,示例公司1131
林XX,女,29,示例市1132,user1132@example.com,0000-00000000,化学分析测试员,示例公司1132
于XX,女,40,示例市1133,user1133@example.com,0000-00000000,资料员,示例公司1133
赵X,男,39,示例市1134,user1134@example.com,0000-00000000,医药销售经理/主管,示例公司1134
于XX,男,64,示例市1135,user1135@example.com,0000-00000000,软件UI设计师/工程师,示例公司1135
郭X,女,40,示例市1136,user1136@example.com,0000-00000000,综合业务专员,示例公司1136
唐XX,男,50,示例市1137,user1137@example.com,0000-00000000,装配工程师/技师,示例公司1137
马XX,男,37,示例市1138,user1138@example.com,0000-00000000,电池/电源开发,示例公司1138
赵XX,女,59,示例市1139,user1139@example.com,0000-00000000,预订员,示例公司1139
李X,男,19,示例市1140,user1140@example.com,0000-00000000,司仪,示例公司1140
高X,男,20,示例市1141,user1141@example.com,0000-00000000,施工开料工,示例公司1141
李XX,男,21,示例市1142,user1142@example.com,0000-00000000,焊接工程师/技师,示例公司1142
陈XX,男,30,示例市1143,user1143@example.com,0000-00000000,市场通路专员,示例公司1143
罗XX,女,54,示例市1144,user1144@example.com,0000-00000000,建筑制图/模型/渲染,示例公司1144
唐XX,男,63,示例市1145,user1145@example.com,0000-00000000,商务助理,示例公司1145
张X,男,48,示例市1146,user1146@example.com,0000-00000000,物流专员/助理,示例公司1146
林XX,男,43,示例市1147,user1147@example.com,0000-00000000,后勤,示例公司1147
徐XX,男,58,示例市1148,user1148@example.com,0000-00000000,科研管理人员,示例公司1148
谢X,女,64,示例市1149,user1149@example.com,0000-00000000,医疗器械维修人员,示例公司1149
林XX,女,63,示例市1150,user1150@example.com,0000-00000000,电信网络工程师,示例公司1150
徐X,女,28,示例市1151,user1151@example.com,0000-00000000,绩效考核经理/主管,示例公司1151
谢XX,女,57,示例市1152,user1152@example.com,0000-00000000,营养师,示例公司1152
王XX,女,60,示例市1153,user1153@example.com,0000-00000000,西餐厨师,示例公司1153
萧X,男,24,示例市1154,user1154@example.com,0000-00000000,数码直印/菲林输出,示例公司1154
李XX,女,45,示例市1155,user1155@example.com,0000-00000000,其他,示例公司1155
王XX,女,20,示例市1156,user1156@example.com,0000-00000000,产品/品牌专员,示例公司1156
郑XX,男,21,示例市1157,user1157@example.com,0000-00000000,面点师,示例公司1157
朱X,女,54,示例市1158,user1158@example.com,0000-00000000,采购主管,示例公司1158
吴X,女,29,示例市1159,user1159@example.com,0000-00000000,工程/机械/能源,示例公司1159
梁X,女,62,示例市1160,user1160@example.com,0000-00000000,其他,示例公司1160
张XX,男,30,示例市1161,user1161@example.com,0000-00000000,模特,示例公司1161
徐XX,女,31,示例市1162,user1162@example.com,0000-00000000,语音/视频/图形开发工程师,示例公司1162
吴XX,男,42,示例市1163,user1163@example.com,0000-00000000,安防系统工程师,示例公司1163
冯X,男,48,示例市1164,user1164@example.com,0000-00000000,故障分析工程师,示例公司1164
周XX,男,48,示例市1165,user1165@example.com,0000-00000000,意大利语翻译,示例公司1165
郑XX,男,55,示例市1166,user1166@example.com,0000-00000000,人力资源,示例公司1166
罗X,男,27,示例市1167,user1167@example.com,0000-00000000,用户体验（UE/UX）设计师,示例公司1167
杨XX,男,51,示例市1168,user1168@example.com,0000-00000000,计算机硬件,示例公司1168
董XX,女,54,示例市1169,user1169@example.com,0000-00000000,生产经理/车间主任,示例公司1169
赵X,女,54,示例市1170,user1170@example.com,0000-00000000,挡车工,示例公司1170
何X,男,22,示例市1171,user1171@example.com,0000-00000000,会务/会展专员,示例公司1171
林XX,女,26,示例市1172,user1172@example.com,0000-00000000,其他语种翻译,示例公司1172
冯XX,女,64,示例市1173,user1173@example.com,0000-00000000,绘画,示例公司1173
周X,男,26,示例市1174,user1174@example.com,0000-00000000,咨询总监,示例公司1174
冯XX,男,64,示例市1175,user1175@example.com,0000-00000000,印染工,示例公司1175
韩X,女,47,示例市1176,user1176@example.com,0000-00000000,搬运工,示例公司1176
谢X,男,51,示例市1177,user1177@example.com,0000-00000000,射频工程师,示例公司1177
郭X,男,39,示例市1178,user1178@example.com,0000-00000000,培训产品开发,示例公司1178
罗X,男,39,示例市1179,user1179@example.com,0000-00000000,项目工程师,示例公司1179
赵XX,女,28,示例市1180,user1180@example.com,0000-00000000,普工/操作工,示例公司1180
张XX,男,39,示例市1181,user1181@example.com,0000-00000000,产品规划工程师,示例公司1181
胡X,男,47,示例市1182,user1182@example.com,0000-00000000,空调维修,示例公司1182
谢X,女,45,示例市1183,user1183@example.com,0000-00000000,大堂经理,示例公司1183
陈XX,女,47,示例市1184,user1184@example.com,0000-00000000,人事专员,示例公司1184
徐X,男,29,示例市1185,user1185@example.com,0000-00000000,固废工程师,示例公司1185
黄X,女,54,示例市1186,user1186@example.com,0000-00000000,证券/期货/外汇经纪人,示例公司1186
梁X,女,60,示例市1187,user1187@example.com,0000-00000000,建筑设计师,示例公司1187
王XX,女,32,示例市1188,user1188@example.com,0000-00000000,通信技术开发及应用,示例公司1188
谢X,男,61,示例市1189,user1189@example.com,0000-00000000,电子商务总监,示例公司1189
黄X,女,26,示例市1190,user1190@example.com,0000-00000000,网络管理(Helpdesk),示例公司1190
何X,男,29,示例市1191,user1191@example.com,0000-00000000,旅游产品销售,示例公司1191
朱X,男,52,示例市1192,user1192@example.com,0000-00000000,化验员,示例公司1192
谢X,男,58,示例市1193,user1193@example.com,0000-00000000,锅炉工程师/技师,示例公司1193
梁XX,男,63,示例市1194,user1194@example.com,0000-00000000,其他,示例公司1194
刘X,女,30,示例市1195,user1195@example.com,0000-00000000,4S店经理/维修站经理,示例公司1195
冯XX,女,35,示例市1196,user1196@example.com,0000-00000000,仪器/仪表/计量分析师,示例公司1196
董XX,男,29,示例市1197,user1197@example.com,0000-00000000,公关/媒介助理,示例公司1197
刘X,女,63,示例市1198,user1198@example.com,0000-00000000,船员,示例公司1198
冯XX,男,44,示例市1199,user1199@example.com,0000-00000000,总工程师/副总工程师,示例公司1199
黄XX,男,24,示例市1200,user1200@example.com,0000-00000000,在校学生,示例公司1200
何X,男,22,示例市1201,user1201@example.com,0000-00000000,网店淘宝,示例公司1201
黄XX,男,18,示例市1202,user1202@example.com,0000-00000000,面点师,示例公司1202
梁XX,男,38,示例市1203,user1203@example.com,0000-00000000,客户关系经理/主管,示例公司1203
周X,女,51,示例市1204,user1204@example.com,0000-00000000,IT-品管、技术支持及其它,示例公司1204
周X,男,31,示例市1205,user1205@example.com,0000-00000000,国内贸易人员,示例公司1205
黄X,男,47,示例市1206,user1206@example.com,0000-00000000,其他,示例公司1206
郑X,女,19,示例市1207,user1207@example.com,0000-00000000,工程/机械绘图员,示例公司1207
梁X,男,19,示例市1208,user1208@example.com,0000-00000000,产品工艺/制程工程师,示例公司1208
韩XX,男,54,示例市1209,user1209@example.com,0000-00000000,公关总监,示例公司1209
梁XX,女,65,示例市1210,user1210@example.com,0000-00000000,团购经理/主管,示例公司1210
杨XX,男,25,示例市1211,user1211@example.com,0000-00000000,美术编辑,示例公司1211
萧XX,女,40,示例市1212,user1212@example.com,0000-00000000,公关专员,示例公司1212
梁XX,男,22,示例市1213,user1213@example.com,0000-00000000,电梯工,示例公司1213
马XX,男,18,示例市1214,user1214@example.com,0000-00000000,银行,示例公司1214
冯XX,男,52,示例市1215,user1215@example.com,0000-00000000,活动策划,示例公司1215
萧X,女,60,示例市1216,user1216@example.com,0000-00000000,版图设计工程师,示例公司1216
李X,男,37,示例市1217,user1217@example.com,0000-00000000,其他,示例公司1217
于X,女,34,示例市1218,user1218@example.com,0000-00000000,烫金工,示例公司1218
梁X,女,34,示例市1219,user1219@example.com,0000-00000000,房地产项目/策划经理,示例公司1219
郑XX,男,37,示例市1220,user1220@example.com,0000-00000000,产品/品牌专员,示例公司1220
李XX,男,53,示例市1221,user1221@example.com,0000-00000000,采购总监,示例公司1221
吴XX,男,44,示例市1222,user1222@example.com,0000-00000000,其他,示例公司1222
黄X,女,40,示例市1223,user1223@example.com,0000-00000000,酒店/宾馆经理,示例公司1223
林XX,男,51,示例市1224,user1224@example.com,0000-00000000,环境影响评价工程师,示例公司1224
冯XX,女,52,示例市1225,user1225@example.com,0000-00000000,健身房服务,示例公司1225
杨XX,男,30,示例市1226,user1226@example.com,0000-00000000,其他,示例公司1226
陈X,女,56,示例市1227,user1227@example.com,0000-00000000,机械工程师,示例公司1227
马X,女,56,示例市1228,user1228@example.com,0000-00000000,调度员,示例公司1228
罗XX,男,52,示例市1229,user1229@example.com,0000-00000000,锅炉工,示例公司1229
郭X,女,65,示例市1230,user1230@example.com,0000-00000000,编辑出版,示例公司1230
唐XX,男,50,示例市1231,user1231@example.com,0000-00000000,抹灰工,示例公司1231
朱XX,男,53,示例市1232,user1232@example.com,0000-00000000,销售代表,示例公司1232
张XX,女,48,示例市1233,user1233@example.com,0000-00000000,销售行政助理,示例公司1233
萧X,男,57,示例市1234,user1234@example.com,0000-00000000,销售总监,示例公司1234
胡X,男,32,示例市1235,user1235@example.com,0000-00000000,其他,示例公司1235
谢X,女,62,示例市1236,user1236@example.com,0000-00000000,安防系统工程师,示例公司1236
李X,男,45,示例市1237,user1237@example.com,0000-00000000,服装领班,示例公司1237
朱X,女,28,示例市1238,user1238@example.com,0000-00000000,浆纱工,示例公司1238
陈X,男,65,示例市1239,user1239@example.com,0000-00000000,其他,示例公司1239
刘XX,男,22,示例市1240,user1240@example.com,0000-00000000,医疗器械市场推广,示例公司1240
高X,男,38,示例市1241,user1241@example.com,0000-00000000,渠道/分销专员,示例公司1241
胡X,男,27,示例市1242,user1242@example.com,0000-00000000,摄影师/摄像师,示例公司1242
唐XX,男,41,示例市1243,user1243@example.com,0000-00000000,人力资源,示例公司1243
徐XX,女,38,示例市1244,user1244@example.com,0000-00000000,铸造/锻造工程师/技师,示例公司1244
张XX,女,50,示例市1245,user1245@example.com,0000-00000000,普工/操作工,示例公司1245
朱X,女,43,示例市1246,user1246@example.com,0000-00000000,其他,示例公司1246
孙XX,女,51,示例市1247,user1247@example.com,0000-00000000,化工,示例公司1247
周XX,女,26,示例市1248,user1248@example.com,0000-00000000,培训,示例公司1248
张XX,女,46,示例市1249,user1249@example.com,0000-00000000,业务跟单经理,示例公司1249
吴X,男,20,示例市1250,user1250@example.com,0000-00000000,综合业务专员,示例公司1250
谢X,女,28,示例市1251,user1251@example.com,0000-00000000,配色技术员,示例公司1251
于XX,女,54,示例市1252,user1252@example.com,0000-00000000,牙科医生,示例公司1252
韩X,女,27,示例市1253,user1253@example.com,0000-00000000,办事处/分公司/分支机构经理,示例公司1253
唐X,男,20,示例市1254,user1254@example.com,0000-00000000,护理主任/护士长,示例公司1254
于X,男,51,示例市1255,user1255@example.com,0000-00000000,其他,示例公司1255
吴X,女,39,示例市1256,user1256@example.com,0000-00000000,理疗师,示例公司1256
于XX,女,59,示例市1257,user1257@example.com,0000-00000000,物业管理,示例公司1257
黄X,男,47,示例市1258,user1258@example.com,0000-00000000,装订工,示例公司1258
罗XX,男,36,示例市1259,user1259@example.com,0000-00000000,技术总监/经理,示例公司1259
周X,男,58,示例市1260,user1260@example.com,0000-00000000,理货员,示例公司1260
郑XX,女,59,示例市1261,user1261@example.com,0000-00000000,注塑工程师/技师,示例公司1261
高X,女,58,示例市1262,user1262@example.com,0000-00000000,网络/在线销售,示例公司1262
萧XX,男,40,示例市1263,user1263@example.com,0000-00000000,培训策划,示例公司1263
吴X,女,31,示例市1264,user1264@example.com,0000-00000000,儿科医生,示例公司1264
赵X,男,49,示例市1265,user1265@example.com,0000-00000000,Flash设计/开发,示例公司1265
郑XX,女,56,示例市1266,user1266@example.com,0000-00000000,韩语/朝鲜语翻译,示例公司1266
高XX,男,56,示例市1267,user1267@example.com,0000-00000000,瓦工,示例公司1267
周XX,男,32,示例市1268,user1268@example.com,0000-00000000,公司业务部门经理/主管,示例公司1268
萧X,男,31,示例市1269,user1269@example.com,0000-00000000,网站运营经理/主管,示例公司1269
吴X,女,38,示例市1270,user1270@example.com,0000-00000000,技工,示例公司1270
周X,男,48,示例市1271,user1271@example.com,0000-00000000,医疗器械维修人员,示例公司1271
陈X,女,19,示例市1272,user1272@example.com,0000-00000000,烫工,示例公司1272
杨XX,女,51,示例市1273,user1273@example.com,0000-00000000,泰语翻译,示例公司1273
陈X,女,39,示例市1274,user1274@example.com,0000-00000000,其他,示例公司1274
何XX,男,20,示例市1275,user1275@example.com,0000-00000000,ERP实施顾问,示例公司1275
陈XX,男,22,示例市1276,user1276@example.com,0000-00000000,商务司机,示例公司1276
周XX,男,53,示例市1277,user1277@example.com,0000-00000000,媒介经理,示例公司1277
杨XX,男,23,示例市1278,user1278@example.com,0000-00000000,司仪,示例公司1278
张X,女,18,示例市1279,user1279@example.com,0000-00000000,其他,示例公司1279
马XX,女,56,示例市1280,user1280@example.com,0000-00000000,首席运营官COO,示例公司1280
李XX,男,27,示例市1281,user1281@example.com,0000-00000000,清洁工,示例公司1281
林XX,男,37,示例市1282,user1282@example.com,0000-00000000,技术文员/助理,示例公司1282
谢XX,男,19,示例市1283,user1283@example.com,0000-00000000,首席执行官CEO/总裁/总经理,示例公司1283
孙XX,女,26,示例市1284,user1284@example.com,0000-00000000,注塑工,示例公司1284
董X,男,48,示例市1285,user1285@example.com,0000-00000000,其他,示例公司1285
孙X,男,48,示例市1286,user1286@example.com,0000-00000000,网店/淘宝客服,示例公司1286
何X,女,46,示例市1287,user1287@example.com,0000-00000000,人事总监,示例公司1287
孙XX,女,18,示例市1288,user1288@example.com,0000-00000000,配色工,示例公司1288
梁XX,女,51,示例市1289,user1289@example.com,0000-00000000,软件工程师,示例公司1289
胡XX,女,29,示例市1290,user1290@example.com,0000-00000000,电工,示例公司1290
萧XX,男,52,示例市1291,user1291@example.com,0000-00000000,大数据开发/分析,示例公司1291
萧X,男,47,示例市1292,user1292@example.com,0000-00000000,FAE 现场应用工程师,示例公司1292
韩XX,男,42,示例市1293,user1293@example.com,0000-00000000,砌筑工,示例公司1293
赵X,男,20,示例市1294,user1294@example.com,0000-00000000,其他,示例公司1294
李X,女,45,示例市1295,user1295@example.com,0000-00000000,故障分析工程师,示例公司1295
郭XX,女,63,示例市1296,user1296@example.com,0000-00000000,寻呼员/话务员,示例公司1296
孙X,男,61,示例市1297,user1297@example.com,0000-00000000,房地产资产管理,示例公司1297
张XX,男,55,示例市1298,user1298@example.com,0000-00000000,行政经理/主管/办公室主任,示例公司1298
林X,男,20,示例市1299,user1299@example.com,0000-00000000,机械工程师,示例公司1299
吴XX,男,60,示例市1300,user1300@example.com,0000-00000000,其他,示例公司1300
刘XX,男,51,示例市1301,user1301@example.com,0000-00000000,兼职,示例公司1301
陈X,男,61,示例市1302,user1302@example.com,0000-00000000,客户主管/专员,示例公司1302
孙X,男,49,示例市1303,user1303@example.com,0000-00000000,销售工程师,示例公司1303
徐XX,男,40,示例市1304,user1304@example.com,0000-00000000,科研管理人员,示例公司1304
林X,女,60,示例市1305,user1305@example.com,0000-00000000,电话采编,示例公司1305
郑X,女,60,示例市1306,user1306@example.com,0000-00000000,工程/设备主管,示例公司1306
萧X,女,47,示例市1307,user1307@example.com,0000-00000000,税务经理/税务主管,示例公司1307
萧X,男,32,示例市1308,user1308@example.com,0000-00000000,版图设计工程师,示例公司1308
董X,女,21,示例市1309,user1309@example.com,0000-00000000,项目经理/主管,示例公司1309
徐XX,男,46,示例市1310,user1310@example.com,0000-00000000,政府事务管理,示例公司1310
罗XX,女,31,示例市1311,user1311@example.com,0000-00000000,情报信息分析人员,示例公司1311
徐XX,男,25,示例市1312,user1312@example.com,0000-00000000,电气/电器工程师,示例公司1312
黄X,女,60,示例市1313,user1313@example.com,0000-00000000,电脑放码员,示例公司1313
吴XX,男,30,示例市1314,user1314@example.com,0000-00000000,网络/在线客服,示例公司1314
赵XX,男,30,示例市1315,user1315@example.com,0000-00000000,电气/电器工程师,示例公司1315
郑X,男,35,示例市1316,user1316@example.com,0000-00000000,物流总监,示例公司1316
胡X,女,64,示例市1317,user1317@example.com,0000-00000000,房地产店长/经理,示例公司1317
马XX,女,39,示例市1318,user1318@example.com,0000-00000000,储备干部,示例公司1318
赵XX,女,62,示例市1319,user1319@example.com,0000-00000000,首席运营官COO,示例公司1319
马X,女,25,示例市1320,user1320@example.com,0000-00000000,货运代理,示例公司1320
孙XX,女,52,示例市1321,user1321@example.com,0000-00000000,其他,示例公司1321
赵XX,男,27,示例市1322,user1322@example.com,0000-00000000,生物工程/生物制药,示例公司1322
韩X,女,30,示例市1323,user1323@example.com,0000-00000000,折弯工,示例公司1323
梁XX,男,53,示例市1324,user1324@example.com,0000-00000000,咨询/顾问,示例公司1324
郭X,男,32,示例市1325,user1325@example.com,0000-00000000,其他,示例公司1325
李X,女,20,示例市1326,user1326@example.com,0000-00000000,会务/会展经理,示例公司1326
韩XX,女,31,示例市1327,user1327@example.com,0000-00000000,石油天然气技术人员,示例公司1327
张XX,男,54,示例市1328,user1328@example.com,0000-00000000,渠道/分销主管,示例公司1328
何X,女,44,示例市1329,user1329@example.com,0000-00000000,拍卖/担保/典当业务,示例公司1329
韩XX,男,31,示例市1330,user1330@example.com,0000-00000000,其它,示例公司1330
郭X,男,24,示例市1331,user1331@example.com,0000-00000000,资金经理/主管,示例公司1331
孙X,女,64,示例市1332,user1332@example.com,0000-00000000,理货员,示例公司1332
何XX,男,57,示例市1333,user1333@example.com,0000-00000000,售后服务/客户服务,示例公司1333
王X,女,55,示例市1334,user1334@example.com,0000-00000000,行李员,示例公司1334
吴X,女,24,示例市1335,user1335@example.com,0000-00000000,模特,示例公司1335
徐XX,女,20,示例市1336,user1336@example.com,0000-00000000,缝纫工,示例公司1336
刘XX,男,23,示例市1337,user1337@example.com,0000-00000000,供应链主管/专员,示例公司1337
萧X,女,55,示例市1338,user1338@example.com,0000-00000000,化妆师,示例公司1338
吴X,女,59,示例市1339,user1339@example.com,0000-00000000,放射科医师,示例公司1339
吴X,女,40,示例市1340,user1340@example.com,0000-00000000,缝纫工,示例公司1340
赵XX,男,53,示例市1341,user1341@example.com,0000-00000000,大学教授,示例公司1341
宋X,男,63,示例市1342,user1342@example.com,0000-00000000,风险控制,示例公司1342
胡X,女,35,示例市1343,user1343@example.com,0000-00000000,导游/旅行顾问,示例公司1343
张X,男,39,示例市1344,user1344@example.com,0000-00000000,证券/期货/外汇经纪人,示例公司1344
李X,男,46,示例市1345,user1345@example.com,0000-00000000,单证员,示例公司1345
韩X,男,65,示例市1346,user1346@example.com,0000-00000000,钻工,示例公司1346
胡X,男,48,示例市1347,user1347@example.com,0000-00000000,投资银行财务分析,示例公司1347
徐XX,男,64,示例市1348,user1348@example.com,0000-00000000,包装设计,示例公司1348
韩XX,女,62,示例市1349,user1349@example.com,0000-00000000,咨询总监,示例公司1349
杨X,女,53,示例市1350,user1350@example.com,0000-00000000,脚本开发工程师,示例公司1350
孙X,男,59,示例市1351,user1351@example.com,0000-00000000,环保检测,示例公司1351
陈X,男,26,示例市1352,user1352@example.com,0000-00000000,裁剪工,示例公司1352
黄XX,男,30,示例市1353,user1353@example.com,0000-00000000,网络推广专员,示例公司1353
刘XX,男,65,示例市1354,user1354@example.com,0000-00000000,保险精算师,示例公司1354
孙XX,女,23,示例市1355,user1355@example.com,0000-00000000,房地产开发,示例公司1355
胡XX,男,49,示例市1356,user1356@example.com,0000-00000000,其他,示例公司1356
陈X,女,40,示例市1357,user1357@example.com,0000-00000000,保镖,示例公司1357
何XX,女,46,示例市1358,user1358@example.com,0000-00000000,资金经理/主管,示例公司1358
郑X,男,58,示例市1359,user1359@example.com,0000-00000000,仪表工,示例公司1359
周XX,女,49,示例市1360,user1360@example.com,0000-00000000,其他,示例公司1360
高X,男,18,示例市1361,user1361@example.com,0000-00000000,培训,示例公司1361
周XX,女,18,示例市1362,user1362@example.com,0000-00000000,房地产项目招投标,示例公司1362
萧X,女,54,示例市1363,user1363@example.com,0000-00000000,薪资福利专员/助理,示例公司1363
萧X,女,19,示例市1364,user1364@example.com,0000-00000000,首席财务官 CFO,示例公司1364
梁X,男,40,示例市1365,user1365@example.com,0000-00000000,保险,示例公司1365
胡XX,男,29,示例市1366,user1366@example.com,0000-00000000,工程造价师/预结算经理,示例公司1366
朱X,男,22,示例市1367,user1367@example.com,0000-00000000,维修工程师,示例公司1367
韩X,男,31,示例市1368,user1368@example.com,0000-00000000,建筑工程管理/项目经理,示例公司1368
郭X,女,50,示例市1369,user1369@example.com,0000-00000000,通信技术工程师,示例公司1369
陈XX,女,38,示例市1370,user1370@example.com,0000-00000000,图书管理员/资料管理员,示例公司1370
张XX,男,31,示例市1371,user1371@example.com,0000-00000000,洗衣工,示例公司1371
唐XX,女,65,示例市1372,user1372@example.com,0000-00000000,广告创意/设计主管/专员,示例公司1372
赵X,男,62,示例市1373,user1373@example.com,0000-00000000,科研管理人员,示例公司1373
李X,女,34,示例市1374,user1374@example.com,0000-00000000,项目管理,示例公司1374
黄XX,女,64,示例市1375,user1375@example.com,0000-00000000,配菜/打荷,示例公司1375
李XX,男,42,示例市1376,user1376@example.com,0000-00000000,翻译,示例公司1376
朱X,女,35,示例市1377,user1377@example.com,0000-00000000,意大利语翻译,示例公司1377
张XX,男,53,示例市1378,user1378@example.com,0000-00000000,技工普工,示例公司1378
何XX,男,55,示例市1379,user1379@example.com,0000-00000000,贸易,示例公司1379
赵X,女,47,示例市1380,user1380@example.com,0000-00000000,药品市场推广主管/专员,示例公司1380
萧X,女,55,示例市1381,user1381@example.com,0000-00000000,视觉设计师,示例公司1381
王XX,女,37,示例市1382,user1382@example.com,0000-00000000,其他,示例公司1382
周XX,女,52,示例市1383,user1383@example.com,0000-00000000,其他,示例公司1383
董X,男,44,示例市1384,user1384@example.com,0000-00000000,企业/业务发展经理,示例公司1384
徐X,男,37,示例市1385,user1385@example.com,0000-00000000,保洁,示例公司1385
周X,女,43,示例市1386,user1386@example.com,0000-00000000,晒版员,示例公司1386
董XX,男,48,示例市1387,user1387@example.com,0000-00000000,房地产内勤,示例公司1387
徐X,男,24,示例市1388,user1388@example.com,0000-00000000,调色员,示例公司1388
冯X,女,46,示例市1389,user1389@example.com,0000-00000000,市场企划专员,示例公司1389
朱XX,男,35,示例市1390,user1390@example.com,0000-00000000,数控操机,示例公司1390
林XX,女,20,示例市1391,user1391@example.com,0000-00000000,外语培训师,示例公司1391
罗XX,男,48,示例市1392,user1392@example.com,0000-00000000,车工,示例公司1392
郭XX,男,28,示例市1393,user1393@example.com,0000-00000000,仓库经理/主管,示例公司1393
韩X,男,38,示例市1394,user1394@example.com,0000-00000000,平面设计师,示例公司1394
唐X,女,24,示例市1395,user1395@example.com,0000-00000000,临床数据分析员,示例公司1395
梁X,男,50,示例市1396,user1396@example.com,0000-00000000,美容整形师,示例公司1396
王XX,女,53,示例市1397,user1397@example.com,0000-00000000,营运主管,示例公司1397
谢X,女,49,示例市1398,user1398@example.com,0000-00000000,图书管理员/资料管理员,示例公司1398
梁X,男,39,示例市1399,user1399@example.com,0000-00000000,涂料研发工程师,示例公司1399
何XX,女,41,示例市1400,user1400@example.com,0000-00000000,公司业务部门经理/主管,示例公司1400
李X,男,52,示例市1401,user1401@example.com,0000-00000000,新能源电机工程师,示例公司1401
何X,男,37,示例市1402,user1402@example.com,0000-00000000,质量管理/测试主管(QA/QC主管),示例公司1402
陈X,女,40,示例市1403,user1403@example.com,0000-00000000,Web前端开发,示例公司1403
杨XX,男,21,示例市1404,user1404@example.com,0000-00000000,网站架构设计师,示例公司1404
赵XX,女,18,示例市1405,user1405@example.com,0000-00000000,Flash设计/开发,示例公司1405
梁XX,女,27,示例市1406,user1406@example.com,0000-00000000,客服专员/助理,示例公司1406
何X,女,29,示例市1407,user1407@example.com,0000-00000000,二手车评估师,示例公司1407
马XX,女,38,示例市1408,user1408@example.com,0000-00000000,其他,示例公司1408
张X,男,41,示例市1409,user1409@example.com,0000-00000000,工程/机械绘图员,示例公司1409
王X,男,50,示例市1410,user1410@example.com,0000-00000000,物业管理专员/助理,示例公司1410
罗XX,女,45,示例市1411,user1411@example.com,0000-00000000,软件UI设计师/工程师,示例公司1411
杨XX,女,45,示例市1412,user1412@example.com,0000-00000000,客户代表,示例公司1412
吴X,女,58,示例市1413,user1413@example.com,0000-00000000,项目经理,示例公司1413
杨XX,女,59,示例市1414,user1414@example.com,0000-00000000,楼面经理,示例公司1414
高X,女,27,示例市1415,user1415@example.com,0000-00000000,物料经理,示例公司1415
何X,女,41,示例市1416,user1416@example.com,0000-00000000,培训经理/主管,示例公司1416
黄XX,女,55,示例市1417,user1417@example.com,0000-00000000,信审核查,示例公司1417
赵XX,女,31,示例市1418,user1418@example.com,0000-00000000,健身顾问/教练,示例公司1418
高XX,女,35,示例市1419,user1419@example.com,0000-00000000,建筑制图/模型/渲染,示例公司1419
高X,男,35,示例市1420,user1420@example.com,0000-00000000,漂染工,示例公司1420
李XX,女,23,示例市1421,user1421@example.com,0000-00000000,经纪人/星探,示例公司1421
黄XX,男,46,示例市1422,user1422@example.com,0000-00000000,网店/淘宝店长,示例公司1422
唐X,女,36,示例市1423,user1423@example.com,0000-00000000,信贷管理,示例公司1423
韩XX,女,45,示例市1424,user1424@example.com,0000-00000000,临床协调员,示例公司1424
萧X,女,60,示例市1425,user1425@example.com,0000-00000000,统计员,示例公司1425
冯XX,女,23,示例市1426,user1426@example.com,0000-00000000,汽车销售与服务,示例公司1426
吴X,女,31,示例市1427,user1427@example.com,0000-00000000,测绘/测量,示例公司1427
罗XX,男,31,示例市1428,user1428@example.com,0000-00000000,射频工程师,示例公司1428
郑X,女,22,示例市1429,user1429@example.com,0000-00000000,室内设计,示例公司1429
梁X,女,29,示例市1430,user1430@example.com,0000-00000000,意大利语翻译,示例公司1430
刘X,男,59,示例市1431,user1431@example.com,0000-00000000,通信技术开发及应用,示例公司1431
胡XX,男,52,示例市1432,user1432@example.com,0000-00000000,签证专员,示例公司1432
韩XX,女,22,示例市1433,user1433@example.com,0000-00000000,汽车制造,示例公司1433
于XX,女,33,示例市1434,user1434@example.com,0000-00000000,汽车电子工程师,示例公司1434
董X,男,35,示例市1435,user1435@example.com,0000-00000000,市场/营销/拓展总监,示例公司1435
刘X,男,31,示例市1436,user1436@example.com,0000-00000000,药品注册,示例公司1436
萧XX,女,51,示例市1437,user1437@example.com,0000-00000000,大学/大专应届毕业生,示例公司1437
徐XX,男,57,示例市1438,user1438@example.com,0000-00000000,动力总成工程师,示例公司1438
韩X,男,34,示例市1439,user1439@example.com,0000-00000000,生产总监,示例公司1439
刘XX,男,63,示例市1440,user1440@example.com,0000-00000000,产品经理/主管,示例公司1440
胡X,女,25,示例市1441,user1441@example.com,0000-00000000,公关主管,示例公司1441
朱X,男,46,示例市1442,user1442@example.com,0000-00000000,网站维护工程师,示例公司1442
郑X,女,52,示例市1443,user1443@example.com,0000-00000000,审计专员/助理,示例公司1443
徐X,女,43,示例市1444,user1444@example.com,0000-00000000,漆工,示例公司1444
刘X,男,28,示例市1445,user1445@example.com,0000-00000000,配置管理工程师,示例公司1445
梁XX,女,21,示例市1446,user1446@example.com,0000-00000000,其他,示例公司1446
何X,男,34,示例市1447,user1447@example.com,0000-00000000,送水工,示例公司1447
郭XX,男,25,示例市1448,user1448@example.com,0000-00000000,会务/会展主管,示例公司1448
韩X,女,43,示例市1449,user1449@example.com,0000-00000000,汽车检验/检测,示例公司1449
何X,女,55,示例市1450,user1450@example.com,0000-00000000,资金专员,示例公司1450
李X,男,63,示例市1451,user1451@example.com,0000-00000000,生鲜食品加工/处理,示例公司1451
吴X,女,33,示例市1452,user1452@example.com,0000-00000000,投资/基金项目经理,示例公司1452
梁X,男,41,示例市1453,user1453@example.com,0000-00000000,项目经理/主管,示例公司1453
孙XX,女,21,示例市1454,user1454@example.com,0000-00000000,人事专员,示例公司1454
郭X,男,28,示例市1455,user1455@example.com,0000-00000000,校长,示例公司1455
王XX,女,47,示例市1456,user1456@example.com,0000-00000000,院校教务管理人员,示例公司1456
徐X,女,31,示例市1457,user1457@example.com,0000-00000000,焊接工程师/技师,示例公司1457
朱X,女,56,示例市1458,user1458@example.com,0000-00000000,飞机维修机械师,示例公司1458
冯X,女,34,示例市1459,user1459@example.com,0000-00000000,企业策划人员,示例公司1459
韩X,女,43,示例市1460,user1460@example.com,0000-00000000,船员,示例公司1460
陈XX,男,36,示例市1461,user1461@example.com,0000-00000000,电脑放码员,示例公司1461
徐X,女,59,示例市1462,user1462@example.com,0000-00000000,营运主管,示例公司1462
梁X,男,28,示例市1463,user1463@example.com,0000-00000000,其他,示例公司1463
胡XX,男,38,示例市1464,user1464@example.com,0000-00000000,汽车钣金,示例公司1464
徐X,女,57,示例市1465,user1465@example.com,0000-00000000,空调维修,示例公司1465
冯XX,女,32,示例市1466,user1466@example.com,0000-00000000,专业培训师,示例公司1466
萧XX,女,59,示例市1467,user1467@example.com,0000-00000000,保险电销,示例公司1467
高X,女,64,示例市1468,user1468@example.com,0000-00000000,网站维护工程师,示例公司1468
马XX,女,29,示例市1469,user1469@example.com,0000-00000000,电力工程师/技术员,示例公司1469
朱X,男,59,示例市1470,user1470@example.com,0000-00000000,车工,示例公司1470
周XX,女,48,示例市1471,user1471@example.com,0000-00000000,其他,示例公司1471
吴XX,女,29,示例市1472,user1472@example.com,0000-00000000,计量工程师,示例公司1472
徐X,男,19,示例市1473,user1473@example.com,0000-00000000,仿真应用工程师,示例公司1473
林X,男,21,示例市1474,user1474@example.com,0000-00000000,政府事务管理,示例公司1474
李XX,女,61,示例市1475,user1475@example.com,0000-00000000,儿科医生,示例公司1475
马XX,男,55,示例市1476,user1476@example.com,0000-00000000,合规经理,示例公司1476
徐XX,女,56,示例市1477,user1477@example.com,0000-00000000,报关与报检,示例公司1477
孙X,男,29,示例市1478,user1478@example.com,0000-00000000,网站编辑,示例公司1478
马X,男,29,示例市1479,user1479@example.com,0000-00000000,农业技术员,示例公司1479
梁XX,男,34,示例市1480,user1480@example.com,0000-00000000,美发店长,示例公司1480
徐XX,女,49,示例市1481,user1481@example.com,0000-00000000,贸易/外贸经理/主管,示例公司1481
黄X,女,54,示例市1482,user1482@example.com,0000-00000000,司仪,示例公司1482
林XX,男,20,示例市1483,user1483@example.com,0000-00000000,中医科医生,示例公司1483
高XX,女,53,示例市1484,user1484@example.com,0000-00000000,政府事务管理,示例公司1484
韩XX,女,51,示例市1485,user1485@example.com,0000-00000000,船务/空运陆运操作,示例公司1485
王XX,男,31,示例市1486,user1486@example.com,0000-00000000,家用电器/数码产品研发,示例公司1486
黄XX,女,43,示例市1487,user1487@example.com,0000-00000000,通信技术开发及应用,示例公司1487
董XX,男,28,示例市1488,user1488@example.com,0000-00000000,技术文员/助理,示例公司1488
董XX,男,42,示例市1489,user1489@example.com,0000-00000000,保险核保,示例公司1489
李X,男,51,示例市1490,user1490@example.com,0000-00000000,IC验证工程师,示例公司1490
郑XX,男,40,示例市1491,user1491@example.com,0000-00000000,督导/巡店,示例公司1491
赵XX,女,40,示例市1492,user1492@example.com,0000-00000000,茶艺师,示例公司1492
黄X,女,57,示例市1493,user1493@example.com,0000-00000000,商务经理,示例公司1493
杨X,女,61,示例市1494,user1494@example.com,0000-00000000,贸易/外贸专员/助理,示例公司1494
郭XX,男,44,示例市1495,user1495@example.com,0000-00000000,西班牙语翻译,示例公司1495
郭X,女,42,示例市1496,user1496@example.com,0000-00000000,其他,示例公司1496
刘X,女,19,示例市1497,user1497@example.com,0000-00000000,个人业务部门经理/主管,示例公司1497
吴XX,男,19,示例市1498,user1498@example.com,0000-00000000,快递员,示例公司1498
韩X,男,52,示例市1499,user1499@example.com,0000-00000000,建筑工程管理/项目经理,示例公司1499
罗X,女,38,示例市1500,user1500@example.com,0000-00000000,软件测试,示例公司1500
何XX,女,41,示例市1501,user1501@example.com,0000-00000000,宠物护理/美容,示例公司1501
李X,女,30,示例市1502,user1502@example.com,0000-00000000,供应链主管/专员,示例公司1502
杨X,女,24,示例市1503,user1503@example.com,0000-00000000,主播/主持人,示例公司1503
刘XX,女,25,示例市1504,user1504@example.com,0000-00000000,店长/经理,示例公司1504
郑X,男,62,示例市1505,user1505@example.com,0000-00000000,阿拉伯语翻译,示例公司1505
于XX,男,48,示例市1506,user1506@example.com,0000-00000000,收银主管,示例公司1506
唐X,女,42,示例市1507,user1507@example.com,0000-00000000,针织工,示例公司1507
王X,女,18,示例市1508,user1508@example.com,0000-00000000,UI设计师/顾问,示例公司1508
吴X,男,44,示例市1509,user1509@example.com,0000-00000000,装订工,示例公司1509
梁XX,女,35,示例市1510,user1510@example.com,0000-00000000,出纳员,示例公司1510
朱XX,男,27,示例市1511,user1511@example.com,0000-00000000,总工程师/副总工程师,示例公司1511
宋X,女,20,示例市1512,user1512@example.com,0000-00000000,美容整形师,示例公司1512
李X,女,42,示例市1513,user1513@example.com,0000-00000000,风险控制,示例公司1513
张X,男,52,示例市1514,user1514@example.com,0000-00000000,渠道/分销经理,示例公司1514
孙XX,女,40,示例市1515,user1515@example.com,0000-00000000,其他,示例公司1515
冯XX,男,40,示例市1516,user1516@example.com,0000-00000000,保镖,示例公司1516
冯XX,男,58,示例市1517,user1517@example.com,0000-00000000,其他,示例公司1517
杨XX,男,20,示例市1518,user1518@example.com,0000-00000000,车工,示例公司1518
林X,男,49,示例市1519,user1519@example.com,0000-00000000,其他,示例公司1519
杨XX,男,43,示例市1520,user1520@example.com,0000-00000000,研发总监/部长/专家,示例公司1520
黄XX,男,62,示例市1521,user1521@example.com,0000-00000000,货运代理,示例公司1521
陈X,男,32,示例市1522,user1522@example.com,0000-00000000,电路工程师/技术员(模拟/数字),示例公司1522
高XX,女,65,示例市1523,user1523@example.com,0000-00000000,艺术指导/舞台美术设计,示例公司1523
于XX,男,50,示例市1524,user1524@example.com,0000-00000000,兼职,示例公司1524
林XX,女,60,示例市1525,user1525@example.com,0000-00000000,实验室负责人/工程师,示例公司1525
郑XX,女,62,示例市1526,user1526@example.com,0000-00000000,开发报建,示例公司1526
郑X,女,24,示例市1527,user1527@example.com,0000-00000000,产品/品牌经理,示例公司1527
杨XX,男,35,示例市1528,user1528@example.com,0000-00000000,健身房服务,示例公司1528
高X,女,50,示例市1529,user1529@example.com,0000-00000000,投资/基金项目经理,示例公司1529
杨X,男,23,示例市1530,user1530@example.com,0000-00000000,咨询经理,示例公司1530
郭XX,女,33,示例市1531,user1531@example.com,0000-00000000,维修经理/主管,示例公司1531
黄XX,女,20,示例市1532,user1532@example.com,0000-00000000,酒店旅游,示例公司1532
高X,男,29,示例市1533,user1533@example.com,0000-00000000,调度员,示例公司1533
冯X,男,44,示例市1534,user1534@example.com,0000-00000000,美术指导,示例公司1534
宋X,女,43,示例市1535,user1535@example.com,0000-00000000,规划与设计,示例公司1535
谢X,男,53,示例市1536,user1536@example.com,0000-00000000,医药销售经理/主管,示例公司1536
梁X,男,60,示例市1537,user1537@example.com,0000-00000000,市场/营销/拓展经理,示例公司1537
陈XX,女,37,示例市1538,user1538@example.com,0000-00000000,房地产项目/策划经理,示例公司1538
赵XX,男,22,示例市1539,user1539@example.com,0000-00000000,设备主管,示例公司1539
林X,女,47,示例市1540,user1540@example.com,0000-00000000,审核员,示例公司1540
赵XX,男,40,示例市1541,user1541@example.com,0000-00000000,其他,示例公司1541
冯X,女,49,示例市1542,user1542@example.com,0000-00000000,系统架构设计师,示例公司1542
谢X,男,55,示例市1543,user1543@example.com,0000-00000000,仪器/仪表/计量分析师,示例公司1543
黄X,女,58,示例市1544,user1544@example.com,0000-00000000,建筑工程验收,示例公司1544
王X,男,65,示例市1545,user1545@example.com,0000-00000000,酒店前台,示例公司1545
罗X,女,41,示例市1546,user1546@example.com,0000-00000000,咨询经理,示例公司1546
何XX,女,63,示例市1547,user1547@example.com,0000-00000000,IC验证工程师,示例公司1547
朱X,男,63,示例市1548,user1548@example.com,0000-00000000,财务/审计/税务,示例公司1548
王X,女,54,示例市1549,user1549@example.com,0000-00000000,小学教师,示例公司1549
朱XX,女,24,示例市1550,user1550@example.com,0000-00000000,国内贸易人员,示例公司1550
唐XX,女,27,示例市1551,user1551@example.com,0000-00000000,工厂经理/厂长,示例公司1551
孙X,男,35,示例市1552,user1552@example.com,0000-00000000,综合业务专员,示例公司1552
罗XX,女,24,示例市1553,user1553@example.com,0000-00000000,项目管理,示例公司1553
郑X,男,22,示例市1554,user1554@example.com,0000-00000000,日语翻译,示例公司1554
朱X,女,47,示例市1555,user1555@example.com,0000-00000000,院校教务管理人员,示例公司1555
徐XX,女,30,示例市1556,user1556@example.com,0000-00000000,高级物业顾问/物业顾问,示例公司1556
胡XX,女,46,示例市1557,user1557@example.com,0000-00000000,软件工程师,示例公司1557
萧X,女,45,示例市1558,user1558@example.com,0000-00000000,其他,示例公司1558
刘X,女,49,示例市1559,user1559@example.com,0000-00000000,市场/营销/拓展总监,示例公司1559
韩X,女,60,示例市1560,user1560@example.com,0000-00000000,文案/策划,示例公司1560
徐X,男,56,示例市1561,user1561@example.com,0000-00000000,物料经理,示例公司1561
李XX,女,44,示例市1562,user1562@example.com,0000-00000000,乘务员,示例公司1562
朱XX,女,52,示例市1563,user1563@example.com,0000-00000000,脚本开发工程师,示例公司1563
黄X,女,43,示例市1564,user1564@example.com,0000-00000000,其他,示例公司1564
高X,男,32,示例市1565,user1565@example.com,0000-00000000,电脑放码员,示例公司1565
萧X,女,31,示例市1566,user1566@example.com,0000-00000000,房地产销售,示例公司1566
陈X,女,58,示例市1567,user1567@example.com,0000-00000000,审核员,示例公司1567
马XX,男,59,示例市1568,user1568@example.com,0000-00000000,仪器/仪表/计量分析师,示例公司1568
于XX,男,45,示例市1569,user1569@example.com,0000-00000000,瑜伽老师,示例公司1569
韩X,男,19,示例市1570,user1570@example.com,0000-00000000,兼职教师,示例公司1570
郭XX,女,31,示例市1571,user1571@example.com,0000-00000000,放映经理/主管,示例公司1571
何XX,男,38,示例市1572,user1572@example.com,0000-00000000,焊工,示例公司1572
董X,女,58,示例市1573,user1573@example.com,0000-00000000,呼叫中心客服,示例公司1573
朱XX,男,37,示例市1574,user1574@example.com,0000-00000000,招聘专员/助理,示例公司1574
郑XX,男,58,示例市1575,user1575@example.com,0000-00000000,情报信息分析人员,示例公司1575
马XX,男,48,示例市1576,user1576@example.com,0000-00000000,前台接待/总机/接待生,示例公司1576
董X,女,40,示例市1577,user1577@example.com,0000-00000000,市场企划经理/主管,示例公司1577
冯X,男,39,示例市1578,user1578@example.com,0000-00000000,物业招商/租赁/租售,示例公司1578
高X,女,18,示例市1579,user1579@example.com,0000-00000000,技术研发工程师,示例公司1579
马X,男,39,示例市1580,user1580@example.com,0000-00000000,信贷管理,示例公司1580
马XX,女,46,示例市1581,user1581@example.com,0000-00000000,体育教师,示例公司1581
马XX,女,25,示例市1582,user1582@example.com,0000-00000000,陈列员,示例公司1582
杨X,男,64,示例市1583,user1583@example.com,0000-00000000,环保,示例公司1583
于X,女,49,示例市1584,user1584@example.com,0000-00000000,保险电销,示例公司1584
林X,女,32,示例市1585,user1585@example.com,0000-00000000,项目主管,示例公司1585
郑X,男,33,示例市1586,user1586@example.com,0000-00000000,其他,示例公司1586
谢X,男,37,示例市1587,user1587@example.com,0000-00000000,光源与照明工程,示例公司1587
罗XX,男,47,示例市1588,user1588@example.com,0000-00000000,招聘经理/主管,示例公司1588
马XX,男,31,示例市1589,user1589@example.com,0000-00000000,汽车质量管理,示例公司1589
萧XX,男,24,示例市1590,user1590@example.com,0000-00000000,保险精算师,示例公司1590
杨X,女,52,示例市1591,user1591@example.com,0000-00000000,其他,示例公司1591
郑X,男,18,示例市1592,user1592@example.com,0000-00000000,抹灰工,示例公司1592
梁X,女,37,示例市1593,user1593@example.com,0000-00000000,食品/饮料研发,示例公司1593
林XX,男,26,示例市1594,user1594@example.com,0000-00000000,工程/设备经理,示例公司1594
罗X,女,61,示例市1595,user1595@example.com,0000-00000000,动画/3D设计,示例公司1595
何XX,女,42,示例市1596,user1596@example.com,0000-00000000,其他,示例公司1596
赵XX,女,28,示例市1597,user1597@example.com,0000-00000000,大客户销售,示例公司1597
梁X,女,54,示例市1598,user1598@example.com,0000-00000000,发型师,示例公司1598
董X,男,46,示例市1599,user1599@example.com,0000-00000000,系统工程师,示例公司1599
冯XX,男,61,示例市1600,user1600@example.com,0000-00000000,影视/媒体,示例公司1600
冯X,男,26,示例市1601,user1601@example.com,0000-00000000,验光师,示例公司1601
董X,男,57,示例市1602,user1602@example.com,0000-00000000,汽车质量管理,示例公司1602
赵XX,女,30,示例市1603,user1603@example.com,0000-00000000,水工,示例公司1603
郭XX,男,46,示例市1604,user1604@example.com,0000-00000000,多媒体设计,示例公司1604
董X,男,24,示例市1605,user1605@example.com,0000-00000000,房地产项目/策划主管/专员,示例公司1605
孙XX,女,37,示例市1606,user1606@example.com,0000-00000000,网站运营总监,示例公司1606
黄XX,女,53,示例市1607,user1607@example.com,0000-00000000,美甲师,示例公司1607
张X,男,52,示例市1608,user1608@example.com,0000-00000000,渠道/分销主管,示例公司1608
冯X,女,31,示例市1609,user1609@example.com,0000-00000000,公务员,示例公司1609
郑XX,女,64,示例市1610,user1610@example.com,0000-00000000,印染工,示例公司1610
陈X,女,60,示例市1611,user1611@example.com,0000-00000000,商务主管/专员,示例公司1611
高XX,女,44,示例市1612,user1612@example.com,0000-00000000,体育运动教练,示例公司1612
杨X,男,27,示例市1613,user1613@example.com,0000-00000000,财务主管/总账主管,示例公司1613
胡XX,男,45,示例市1614,user1614@example.com,0000-00000000,广告创意/设计经理,示例公司1614
吴XX,男,25,示例市1615,user1615@example.com,0000-00000000,志愿者/社会工作者,示例公司1615
萧X,女,29,示例市1616,user1616@example.com,0000-00000000,软件测试,示例公司1616
杨XX,女,41,示例市1617,user1617@example.com,0000-00000000,其他,示例公司1617
朱X,女,28,示例市1618,user1618@example.com,0000-00000000,茶艺师,示例公司1618
黄XX,女,25,示例市1619,user1619@example.com,0000-00000000,融资专员,示例公司1619
胡XX,男,36,示例市1620,user1620@example.com,0000-00000000,预定员,示例公司1620
郭XX,男,25,示例市1621,user1621@example.com,0000-00000000,畜牧师,示例公司1621
张X,女,55,示例市1622,user1622@example.com,0000-00000000,送餐员,示例公司1622
郑XX,女,56,示例市1623,user1623@example.com,0000-00000000,心理医生,示例公司1623
郭XX,男,43,示例市1624,user1624@example.com,0000-00000000,编辑,示例公司1624
刘X,男,32,示例市1625,user1625@example.com,0000-00000000,调酒师/侍酒师/吧台员,示例公司1625
王X,男,20,示例市1626,user1626@example.com,0000-00000000,总裁助理/总经理助理,示例公司1626
郑XX,女,19,示例市1627,user1627@example.com,0000-00000000,运动健身,示例公司1627
王XX,女,20,示例市1628,user1628@example.com,0000-00000000,个人业务部门经理/主管,示例公司1628
刘XX,男,58,示例市1629,user1629@example.com,0000-00000000,保险产品开发/项目策划,示例公司1629
李X,男,55,示例市1630,user1630@example.com,0000-00000000,小学教师,示例公司1630
赵X,女,44,示例市1631,user1631@example.com,0000-00000000,区域销售总监,示例公司1631
郭X,女,46,示例市1632,user1632@example.com,0000-00000000,按摩,示例公司1632
李X,男,38,示例市1633,user1633@example.com,0000-00000000,保险精算师,示例公司1633
吴X,女,43,示例市1634,user1634@example.com,0000-00000000,西餐厨师,示例公司1634
陈XX,女,65,示例市1635,user1635@example.com,0000-00000000,电脑放码员,示例公司1635
冯XX,男,32,示例市1636,user1636@example.com,0000-00000000,技工普工,示例公司1636
周X,男,18,示例市1637,user1637@example.com,0000-00000000,建筑制图/模型/渲染,示例公司1637
黄XX,男,52,示例市1638,user1638@example.com,0000-00000000,其他,示例公司1638
郑X,男,34,示例市1639,user1639@example.com,0000-00000000,区域销售总监,示例公司1639
于X,男,38,示例市1640,user1640@example.com,0000-00000000,施工开料工,示例公司1640
宋XX,女,18,示例市1641,user1641@example.com,0000-00000000,药库主任/药剂师,示例公司1641
李X,男,22,示例市1642,user1642@example.com,0000-00000000,兼职,示例公司1642
林XX,男,25,示例市1643,user1643@example.com,0000-00000000,农业技术员,示例公司1643
谢XX,男,62,示例市1644,user1644@example.com,0000-00000000,电声/音响工程师/技术员,示例公司1644
周XX,女,62,示例市1645,user1645@example.com,0000-00000000,工程监理,示例公司1645
罗X,男,60,示例市1646,user1646@example.com,0000-00000000,理货员,示例公司1646
胡XX,女,37,示例市1647,user1647@example.com,0000-00000000,网站运营经理/主管,示例公司1647
罗X,男,45,示例市1648,user1648@example.com,0000-00000000,媒介经理,示例公司1648
黄X,男,65,示例市1649,user1649@example.com,0000-00000000,市政工程师,示例公司1649
郑XX,男,29,示例市1650,user1650@example.com,0000-00000000,焊工,示例公司1650
胡XX,男,34,示例市1651,user1651@example.com,0000-00000000,牙科医生,示例公司1651
冯X,男,25,示例市1652,user1652@example.com,0000-00000000,药品注册,示例公司1652
朱XX,男,18,示例市1653,user1653@example.com,0000-00000000,汽车/摩托车工程师,示例公司1653
胡X,男,49,示例市1654,user1654@example.com,0000-00000000,需求工程师,示例公司1654
唐X,女,23,示例市1655,user1655@example.com,0000-00000000,装订工,示例公司1655
朱X,男,33,示例市1656,user1656@example.com,0000-00000000,风险控制,示例公司1656
何XX,女,32,示例市1657,user1657@example.com,0000-00000000,导演/编导,示例公司1657
梁X,男,59,示例市1658,user1658@example.com,0000-00000000,物业管理经理,示例公司1658
冯XX,男,36,示例市1659,user1659@example.com,0000-00000000,客服专员/助理,示例公司1659
高XX,女,60,示例市1660,user1660@example.com,0000-00000000,物业招商/租赁/租售,示例公司1660
黄XX,男,63,示例市1661,user1661@example.com,0000-00000000,日语翻译,示例公司1661
赵X,女,40,示例市1662,user1662@example.com,0000-00000000,针灸/推拿,示例公司1662
梁XX,男,48,示例市1663,user1663@example.com,0000-00000000,美发店长,示例公司1663
冯XX,男,33,示例市1664,user1664@example.com,0000-00000000,校对/录入,示例公司1664
梁XX,女,28,示例市1665,user1665@example.com,0000-00000000,家教,示例公司1665
王X,女,44,示例市1666,user1666@example.com,0000-00000000,造纸研发,示例公司1666
郑X,男,64,示例市1667,user1667@example.com,0000-00000000,市场企划经理/主管,示例公司1667
董X,女,53,示例市1668,user1668@example.com,0000-00000000,水利/水电工程师,示例公司1668
马XX,女,45,示例市1669,user1669@example.com,0000-00000000,图书管理员/资料管理员,示例公司1669
周XX,男,50,示例市1670,user1670@example.com,0000-00000000,货运司机,示例公司1670
徐XX,男,48,示例市1671,user1671@example.com,0000-00000000,测试员,示例公司1671
胡XX,男,34,示例市1672,user1672@example.com,0000-00000000,生产计划/物料管理(PMC),示例公司1672
冯X,男,47,示例市1673,user1673@example.com,0000-00000000,大客户销售,示例公司1673
梁X,男,35,示例市1674,user1674@example.com,0000-00000000,幕墙工程师,示例公司1674
胡X,女,29,示例市1675,user1675@example.com,0000-00000000,其他,示例公司1675
朱X,女,61,示例市1676,user1676@example.com,0000-00000000,前台接待/总机/接待生,示例公司1676
王XX,女,31,示例市1677,user1677@example.com,0000-00000000,税务经理/税务主管,示例公司1677
张X,女,55,示例市1678,user1678@example.com,0000-00000000,品类经理,示例公司1678
陈X,男,52,示例市1679,user1679@example.com,0000-00000000,矿产勘探/地质勘测工程师,示例公司1679
罗X,女,63,示例市1680,user1680@example.com,0000-00000000,宾客服务经理,示例公司1680
何XX,女,31,示例市1681,user1681@example.com,0000-00000000,材料工程师,示例公司1681
刘X,男,56,示例市1682,user1682@example.com,0000-00000000,电脑放码员,示例公司1682
吴X,女,38,示例市1683,user1683@example.com,0000-00000000,抛光工,示例公司1683
萧X,女,44,示例市1684,user1684@example.com,0000-00000000,首席技术执行官CTO/首席信息官CIO,示例公司1684
吴X,女,40,示例市1685,user1685@example.com,0000-00000000,拍卖/担保/典当业务,示例公司1685
李XX,男,44,示例市1686,user1686@example.com,0000-00000000,网络工程师,示例公司1686
唐X,女,18,示例市1687,user1687@example.com,0000-00000000,空调/热能工程师,示例公司1687
胡X,男,54,示例市1688,user1688@example.com,0000-00000000,知识产权/专利/商标,示例公司1688
高XX,女,25,示例市1689,user1689@example.com,0000-00000000,培训/课程顾问,示例公司1689
郑X,男,37,示例市1690,user1690@example.com,0000-00000000,调墨技师,示例公司1690
于X,女,54,示例市1691,user1691@example.com,0000-00000000,总工程师/副总工程师,示例公司1691
马XX,男,39,示例市1692,user1692@example.com,0000-00000000,汽车电工,示例公司1692
孙XX,女,43,示例市1693,user1693@example.com,0000-00000000,家政服务/保姆,示例公司1693
梁XX,男,25,示例市1694,user1694@example.com,0000-00000000,快递员,示例公司1694
刘X,女,27,示例市1695,user1695@example.com,0000-00000000,人力资源,示例公司1695
萧XX,男,49,示例市1696,user1696@example.com,0000-00000000,知识产权/专利/商标,示例公司1696
郭X,男,18,示例市1697,user1697@example.com,0000-00000000,高级物业顾问/物业顾问,示例公司1697
赵XX,男,52,示例市1698,user1698@example.com,0000-00000000,物业机电维修工,示例公司1698
罗XX,男,50,示例市1699,user1699@example.com,0000-00000000,高级客户经理/客户经理,示例公司1699
董XX,男,41,示例市1700,user1700@example.com,0000-00000000,生产文员,示例公司1700
宋XX,女,38,示例市1701,user1701@example.com,0000-00000000,汽车钣金,示例公司1701
吴XX,女,36,示例市1702,user1702@example.com,0000-00000000,人事主管,示例公司1702
唐X,女,20,示例市1703,user1703@example.com,0000-00000000,客服专员/助理,示例公司1703
吴X,男,46,示例市1704,user1704@example.com,0000-00000000,锅炉工程师/技师,示例公司1704
黄XX,女,61,示例市1705,user1705@example.com,0000-00000000,数据库工程师/管理员,示例公司1705
罗XX,男,20,示例市1706,user1706@example.com,0000-00000000,叉车/铲车工,示例公司1706
宋XX,男,37,示例市1707,user1707@example.com,0000-00000000,美术编辑,示例公司1707
韩X,女,41,示例市1708,user1708@example.com,0000-00000000,市场助理,示例公司1708
谢XX,男,57,示例市1709,user1709@example.com,0000-00000000,IT-管理,示例公司1709
李XX,男,51,示例市1710,user1710@example.com,0000-00000000,中学教师,示例公司1710
徐X,女,27,示例市1711,user1711@example.com,0000-00000000,管道/暖通,示例公司1711
董X,男,19,示例市1712,user1712@example.com,0000-00000000,销售行政专员,示例公司1712
唐XX,女,44,示例市1713,user1713@example.com,0000-00000000,技工普工,示例公司1713
宋X,男,56,示例市1714,user1714@example.com,0000-00000000,语音/视频/图形开发工程师,示例公司1714
陈X,男,43,示例市1715,user1715@example.com,0000-00000000,麻醉医生,示例公司1715
萧XX,男,38,示例市1716,user1716@example.com,0000-00000000,电梯工,示例公司1716
陈X,男,58,示例市1717,user1717@example.com,0000-00000000,信息技术经理/主管,示例公司1717
郑X,男,53,示例市1718,user1718@example.com,0000-00000000,网站运营总监,示例公司1718
陈X,男,41,示例市1719,user1719@example.com,0000-00000000,保险理赔,示例公司1719
韩X,男,47,示例市1720,user1720@example.com,0000-00000000,系统管理员/网络管理员,示例公司1720
董XX,男,47,示例市1721,user1721@example.com,0000-00000000,需求工程师,示例公司1721
董X,男,42,示例市1722,user1722@example.com,0000-00000000,高级客户经理/客户经理,示例公司1722
郑XX,女,57,示例市1723,user1723@example.com,0000-00000000,模具工,示例公司1723
杨X,女,39,示例市1724,user1724@example.com,0000-00000000,物业管理主管,示例公司1724
何XX,男,42,示例市1725,user1725@example.com,0000-00000000,汽车项目管理,示例公司1725
王XX,女,29,示例市1726,user1726@example.com,0000-00000000,其他,示例公司1726
吴XX,女,37,示例市1727,user1727@example.com,0000-00000000,卖场经理/店长,示例公司1727
王XX,女,31,示例市1728,user1728@example.com,0000-00000000,信息技术专员,示例公司1728
徐XX,女,24,示例市1729,user1729@example.com,0000-00000000,汽车喷漆,示例公司1729
郑XX,男,36,示例市1730,user1730@example.com,0000-00000000,舞蹈老师,示例公司1730
徐XX,男,47,示例市1731,user1731@example.com,0000-00000000,保安人员,示例公司1731
何XX,女,55,示例市1732,user1732@example.com,0000-00000000,物流经理,示例公司1732
朱XX,男,19,示例市1733,user1733@example.com,0000-00000000,销售人员,示例公司1733
周XX,男,42,示例市1734,user1734@example.com,0000-00000000,研究生,示例公司1734
谢X,女,35,示例市1735,user1735@example.com,0000-00000000,网店/淘宝运营,示例公司1735
陈XX,女,24,示例市1736,user1736@example.com,0000-00000000,公司业务客户经理,示例公司1736
孙XX,女,45,示例市1737,user1737@example.com,0000-00000000,化学分析测试员,示例公司1737
高X,女,62,示例市1738,user1738@example.com,0000-00000000,货运代理,示例公司1738
于XX,女,40,示例市1739,user1739@example.com,0000-00000000,电话销售,示例公司1739
朱XX,男,19,示例市1740,user1740@example.com,0000-00000000,包装工,示例公司1740
于XX,女,43,示例市1741,user1741@example.com,0000-00000000,飞机维修机械师,示例公司1741
吴X,男,41,示例市1742,user1742@example.com,0000-00000000,财务主管/总账主管,示例公司1742
李XX,男,49,示例市1743,user1743@example.com,0000-00000000,房地产内勤,示例公司1743
谢X,女,62,示例市1744,user1744@example.com,0000-00000000,汽车安全性能工程师,示例公司1744
于XX,女,42,示例市1745,user1745@example.com,0000-00000000,教师,示例公司1745
谢XX,女,24,示例市1746,user1746@example.com,0000-00000000,娱乐服务员,示例公司1746
周XX,男,55,示例市1747,user1747@example.com,0000-00000000,宾客服务经理,示例公司1747
郑XX,女,53,示例市1748,user1748@example.com,0000-00000000,培训/课程顾问,示例公司1748
冯X,女,39,示例市1749,user1749@example.com,0000-00000000,买手,示例公司1749
杨X,女,64,示例市1750,user1750@example.com,0000-00000000,质量管理/验货员(QA/QC),示例公司1750
董X,男,20,示例市1751,user1751@example.com,0000-00000000,仿真应用工程师,示例公司1751
李XX,男,39,示例市1752,user1752@example.com,0000-00000000,供应商开发,示例公司1752
谢XX,女,26,示例市1753,user1753@example.com,0000-00000000,在校学生,示例公司1753
高XX,男,31,示例市1754,user1754@example.com,0000-00000000,质量安全,示例公司1754
谢XX,男,33,示例市1755,user1755@example.com,0000-00000000,其他,示例公司1755
罗XX,女,20,示例市1756,user1756@example.com,0000-00000000,活动策划,示例公司1756
黄XX,男,48,示例市1757,user1757@example.com,0000-00000000,美容助理,示例公司1757
林X,女,29,示例市1758,user1758@example.com,0000-00000000,院校教务管理人员,示例公司1758
杨X,男,49,示例市1759,user1759@example.com,0000-00000000,DJ,示例公司1759
罗XX,女,62,示例市1760,user1760@example.com,0000-00000000,首席运营官COO,示例公司1760
朱XX,女,64,示例市1761,user1761@example.com,0000-00000000,图书管理员/资料管理员,示例公司1761
罗X,男,47,示例市1762,user1762@example.com,0000-00000000,医药销售经理/主管,示例公司1762
王XX,男,35,示例市1763,user1763@example.com,0000-00000000,中餐厨师,示例公司1763
黄XX,女,45,示例市1764,user1764@example.com,0000-00000000,大数据开发/分析,示例公司1764
王XX,男,52,示例市1765,user1765@example.com,0000-00000000,放映经理/主管,示例公司1765
黄X,女,45,示例市1766,user1766@example.com,0000-00000000,网店/淘宝店长,示例公司1766
林X,女,48,示例市1767,user1767@example.com,0000-00000000,销售管理,示例公司1767
陈XX,女,32,示例市1768,user1768@example.com,0000-00000000,买手,示例公司1768
梁XX,男,20,示例市1769,user1769@example.com,0000-00000000,校对/录入,示例公司1769
马XX,女,18,示例市1770,user1770@example.com,0000-00000000,手缝工,示例公司1770
周X,女,39,示例市1771,user1771@example.com,0000-00000000,其他,示例公司1771
郭X,女,52,示例市1772,user1772@example.com,0000-00000000,其他,示例公司1772
冯XX,男,34,示例市1773,user1773@example.com,0000-00000000,公共卫生/疾病控制,示例公司1773
郭X,女,30,示例市1774,user1774@example.com,0000-00000000,销售代表,示例公司1774
王X,男,53,示例市1775,user1775@example.com,0000-00000000,瓦工,示例公司1775
韩XX,女,35,示例市1776,user1776@example.com,0000-00000000,洗衣工,示例公司1776
朱XX,男,50,示例市1777,user1777@example.com,0000-00000000,停车管理员,示例公司1777
赵X,女,22,示例市1778,user1778@example.com,0000-00000000,美术指导,示例公司1778
何XX,男,31,示例市1779,user1779@example.com,0000-00000000,其他,示例公司1779
萧X,男,22,示例市1780,user1780@example.com,0000-00000000,小学教师,示例公司1780
王X,男,19,示例市1781,user1781@example.com,0000-00000000,行政经理/主管/办公室主任,示例公司1781
朱X,女,27,示例市1782,user1782@example.com,0000-00000000,其他,示例公司1782
郑X,男,36,示例市1783,user1783@example.com,0000-00000000,文档工程师,示例公司1783
宋XX,女,30,示例市1784,user1784@example.com,0000-00000000,汽车装配工艺工程师,示例公司1784
马XX,女,19,示例市1785,user1785@example.com,0000-00000000,理财顾问/财务规划师,示例公司1785
罗X,女,48,示例市1786,user1786@example.com,0000-00000000,其他,示例公司1786
刘X,女,63,示例市1787,user1787@example.com,0000-00000000,促销员,示例公司1787
黄XX,女,35,示例市1788,user1788@example.com,0000-00000000,卖场经理/店长,示例公司1788
董XX,男,34,示例市1789,user1789@example.com,0000-00000000,财务顾问,示例公司1789
王XX,女,36,示例市1790,user1790@example.com,0000-00000000,其他,示例公司1790
谢XX,女,49,示例市1791,user1791@example.com,0000-00000000,模具工,示例公司1791
赵XX,男,33,示例市1792,user1792@example.com,0000-00000000,语音/视频/图形开发工程师,示例公司1792
黄XX,男,51,示例市1793,user1793@example.com,0000-00000000,晒版员,示例公司1793
梁XX,女,27,示例市1794,user1794@example.com,0000-00000000,专柜彩妆顾问(BA),示例公司1794
吴X,男,37,示例市1795,user1795@example.com,0000-00000000,储备干部/培训生/实习生,示例公司1795
韩XX,男,36,示例市1796,user1796@example.com,0000-00000000,网络/在线客服,示例公司1796
陈XX,女,42,示例市1797,user1797@example.com,0000-00000000,培训,示例公司1797
孙XX,男,54,示例市1798,user1798@example.com,0000-00000000,客房服务员/楼面服务员,示例公司1798
朱X,女,49,示例市1799,user1799@example.com,0000-00000000,熟食加工,示例公司1799
朱X,女,32,示例市1800,user1800@example.com,0000-00000000,其他,示例公司1800
周XX,男,53,示例市1801,user1801@example.com,0000-00000000,后期制作,示例公司1801
杨XX,男,46,示例市1802,user1802@example.com,0000-00000000,网络/在线客服,示例公司1802
朱X,男,50,示例市1803,user1803@example.com,0000-00000000,律师/法务/合规,示例公司1803
张X,女,53,示例市1804,user1804@example.com,0000-00000000,测试员,示例公司1804
张X,男,19,示例市1805,user1805@example.com,0000-00000000,供应链主管/专员,示例公司1805
胡XX,男,52,示例市1806,user1806@example.com,0000-00000000,网店模特,示例公司1806
陈X,男,35,示例市1807,user1807@example.com,0000-00000000,育婴师/保育员,示例公司1807
宋X,女,24,示例市1808,user1808@example.com,0000-00000000,公路/桥梁/港口/隧道工程,示例公司1808
周X,男,20,示例市1809,user1809@example.com,0000-00000000,变压器与磁电工程师,示例公司1809
何X,男,23,示例市1810,user1810@example.com,0000-00000000,砌筑工,示例公司1810
罗X,男,52,示例市1811,user1811@example.com,0000-00000000,抹灰工,示例公司1811
陈XX,男,53,示例市1812,user1812@example.com,0000-00000000,药品市场推广经理,示例公司1812
王X,女,63,示例市1813,user1813@example.com,0000-00000000,咨询总监,示例公司1813
周X,女,26,示例市1814,user1814@example.com,0000-00000000,销售行政经理/主管,示例公司1814
赵XX,男,43,示例市1815,user1815@example.com,0000-00000000,建筑工程验收,示例公司1815
黄XX,男,64,示例市1816,user1816@example.com,0000-00000000,智能大厦/综合布线/安防/弱电,示例公司1816
吴XX,女,19,示例市1817,user1817@example.com,0000-00000000,用户体验（UE/UX）设计师,示例公司1817
宋X,男,51,示例市1818,user1818@example.com,0000-00000000,项目工程师,示例公司1818
于X,女,49,示例市1819,user1819@example.com,0000-00000000,4S店经理/维修站经理,示例公司1819
陈XX,男,38,示例市1820,user1820@example.com,0000-00000000,专柜彩妆顾问(BA),示例公司1820
胡X,男,37,示例市1821,user1821@example.com,0000-00000000,家教,示例公司1821
张X,女,41,示例市1822,user1822@example.com,0000-00000000,小学教师,示例公司1822
梁X,男,28,示例市1823,user1823@example.com,0000-00000000,服装/纺织设计,示例公司1823
徐X,女,58,示例市1824,user1824@example.com,0000-00000000,网站运营专员,示例公司1824
李X,女,57,示例市1825,user1825@example.com,0000-00000000,木工,示例公司1825
周XX,男,52,示例市1826,user1826@example.com,0000-00000000,机修工,示例公司1826
郭X,女,46,示例市1827,user1827@example.com,0000-00000000,中国方言翻译,示例公司1827
周XX,女,41,示例市1828,user1828@example.com,0000-00000000,电子商务经理/主管,示例公司1828
高X,男,46,示例市1829,user1829@example.com,0000-00000000,心理医生,示例公司1829
何XX,女,18,示例市1830,user1830@example.com,0000-00000000,电信交换工程师,示例公司1830
马XX,男,36,示例市1831,user1831@example.com,0000-00000000,包装工,示例公司1831
林X,男,27,示例市1832,user1832@example.com,0000-00000000,机械工程师,示例公司1832
赵X,男,30,示例市1833,user1833@example.com,0000-00000000,人事主管,示例公司1833
梁X,男,43,示例市1834,user1834@example.com,0000-00000000,销售行政专员,示例公司1834
唐X,男,29,示例市1835,user1835@example.com,0000-00000000,药品市场推广主管/专员,示例公司1835
谢XX,男,34,示例市1836,user1836@example.com,0000-00000000,保险业务经理/主管,示例公司1836
林XX,女,54,示例市1837,user1837@example.com,0000-00000000,广告客户总监/副总监,示例公司1837
韩X,女,47,示例市1838,user1838@example.com,0000-00000000,叉车/铲车工,示例公司1838
冯X,男,21,示例市1839,user1839@example.com,0000-00000000,客服专员/助理,示例公司1839
宋XX,男,41,示例市1840,user1840@example.com,0000-00000000,院校教务管理人员,示例公司1840
何XX,女,48,示例市1841,user1841@example.com,0000-00000000,餐饮服务,示例公司1841
徐X,男,30,示例市1842,user1842@example.com,0000-00000000,采购经理,示例公司1842
黄X,女,56,示例市1843,user1843@example.com,0000-00000000,新能源电机工程师,示例公司1843
周XX,女,62,示例市1844,user1844@example.com,0000-00000000,故障分析工程师,示例公司1844
冯X,女,26,示例市1845,user1845@example.com,0000-00000000,美容师,示例公司1845
宋X,男,52,示例市1846,user1846@example.com,0000-00000000,理疗师,示例公司1846
宋XX,男,54,示例市1847,user1847@example.com,0000-00000000,切割技工,示例公司1847
冯XX,女,29,示例市1848,user1848@example.com,0000-00000000,纺织工,示例公司1848
吴X,女,23,示例市1849,user1849@example.com,0000-00000000,系统工程师,示例公司1849
林X,男,27,示例市1850,user1850@example.com,0000-00000000,轨道交通工程师/技术员,示例公司1850
张XX,女,57,示例市1851,user1851@example.com,0000-00000000,媒介销售,示例公司1851
郭X,男,25,示例市1852,user1852@example.com,0000-00000000,兼职,示例公司1852
罗XX,男,39,示例市1853,user1853@example.com,0000-00000000,工程/设备工程师,示例公司1853
梁X,女,24,示例市1854,user1854@example.com,0000-00000000,促销员/导购,示例公司1854
高X,女,30,示例市1855,user1855@example.com,0000-00000000,医疗器械销售经理/主管,示例公司1855
于X,男,20,示例市1856,user1856@example.com,0000-00000000,其他,示例公司1856
张X,女,60,示例市1857,user1857@example.com,0000-00000000,新媒体运营,示例公司1857
林X,男,60,示例市1858,user1858@example.com,0000-00000000,传菜员,示例公司1858
高X,女,37,示例市1859,user1859@example.com,0000-00000000,活动策划,示例公司1859
罗XX,女,55,示例市1860,user1860@example.com,0000-00000000,作家/撰稿人,示例公司1860
董X,男,59,示例市1861,user1861@example.com,0000-00000000,其他,示例公司1861
徐XX,男,22,示例市1862,user1862@example.com,0000-00000000,化验员,示例公司1862
徐XX,女,43,示例市1863,user1863@example.com,0000-00000000,车工,示例公司1863
刘XX,女,40,示例市1864,user1864@example.com,0000-00000000,首席运营官COO,示例公司1864
刘X,男,38,示例市1865,user1865@example.com,0000-00000000,网络工程师,示例公司1865
宋X,女,29,示例市1866,user1866@example.com,0000-00000000,药品注册,示例公司1866
张XX,女,58,示例市1867,user1867@example.com,0000-00000000,配色工,示例公司1867
谢X,女,40,示例市1868,user1868@example.com,0000-00000000,法务经理,示例公司1868
李X,男,30,示例市1869,user1869@example.com,0000-00000000,测试工程师,示例公司1869
罗XX,女,34,示例市1870,user1870@example.com,0000-00000000,采购总监,示例公司1870
胡X,女,51,示例市1871,user1871@example.com,0000-00000000,汽车检验/检测,示例公司1871
何XX,男,25,示例市1872,user1872@example.com,0000-00000000,儿科医生,示例公司1872
王XX,女,31,示例市1873,user1873@example.com,0000-00000000,游戏界面设计师,示例公司1873
周XX,男,53,示例市1874,user1874@example.com,0000-00000000,互联网软件开发工程师,示例公司1874
吴X,男,49,示例市1875,user1875@example.com,0000-00000000,审核员,示例公司1875
郭X,女,42,示例市1876,user1876@example.com,0000-00000000,体育教师,示例公司1876
赵X,女,47,示例市1877,user1877@example.com,0000-00000000,新媒体运营,示例公司1877
赵XX,女,61,示例市1878,user1878@example.com,0000-00000000,营运主管,示例公司1878
马X,男,37,示例市1879,user1879@example.com,0000-00000000,培训专员/助理/培训师,示例公司1879
何XX,男,30,示例市1880,user1880@example.com,0000-00000000,培训经理/主管,示例公司1880
陈XX,男,61,示例市1881,user1881@example.com,0000-00000000,绘画,示例公司1881
唐XX,女,45,示例市1882,user1882@example.com,0000-00000000,党工团干事,示例公司1882
陈XX,女,53,示例市1883,user1883@example.com,0000-00000000,杂工,示例公司1883
周X,男,26,示例市1884,user1884@example.com,0000-00000000,机械机床,示例公司1884
马X,男,53,示例市1885,user1885@example.com,0000-00000000,工程/机械绘图员,示例公司1885
陈X,女,53,示例市1886,user1886@example.com,0000-00000000,首席执行官CEO/总裁/总经理,示例公司1886
郭X,女,20,示例市1887,user1887@example.com,0000-00000000,面点师,示例公司1887
杨XX,女,36,示例市1888,user1888@example.com,0000-00000000,风险管理/控制,示例公司1888
宋X,女,44,示例市1889,user1889@example.com,0000-00000000,面点师,示例公司1889
董X,女,52,示例市1890,user1890@example.com,0000-00000000,媒介专员,示例公司1890
陈X,男,27,示例市1891,user1891@example.com,0000-00000000,企业/业务发展经理,示例公司1891
韩XX,男,47,示例市1892,user1892@example.com,0000-00000000,4S店经理/维修站经理,示例公司1892
刘X,女,57,示例市1893,user1893@example.com,0000-00000000,裁床,示例公司1893
罗XX,男,21,示例市1894,user1894@example.com,0000-00000000,休闲娱乐,示例公司1894
冯XX,男,56,示例市1895,user1895@example.com,0000-00000000,安防主管,示例公司1895
李XX,女,47,示例市1896,user1896@example.com,0000-00000000,舞蹈老师,示例公司1896
韩XX,男,54,示例市1897,user1897@example.com,0000-00000000,项目总监,示例公司1897
唐X,女,32,示例市1898,user1898@example.com,0000-00000000,拍卖/担保/典当业务,示例公司1898
宋X,男,56,示例市1899,user1899@example.com,0000-00000000,FAE 现场应用工程师,示例公司1899
冯XX,女,33,示例市1900,user1900@example.com,0000-00000000,放映员,示例公司1900
林X,女,43,示例市1901,user1901@example.com,0000-00000000,驻唱/歌手,示例公司1901
朱X,女,19,示例市1902,user1902@example.com,0000-00000000,汽车装配工艺工程师,示例公司1902
李XX,男,60,示例市1903,user1903@example.com,0000-00000000,彩妆培训师,示例公司1903
赵X,女,43,示例市1904,user1904@example.com,0000-00000000,其他,示例公司1904
李X,男,22,示例市1905,user1905@example.com,0000-00000000,钣金工,示例公司1905
梁XX,女,32,示例市1906,user1906@example.com,0000-00000000,网店/淘宝客服,示例公司1906
冯XX,男,53,示例市1907,user1907@example.com,0000-00000000,保险客户服务/续期管理,示例公司1907
朱XX,女,28,示例市1908,user1908@example.com,0000-00000000,包装设计,示例公司1908
吴X,男,21,示例市1909,user1909@example.com,0000-00000000,招聘经理/主管,示例公司1909
张X,女,65,示例市1910,user1910@example.com,0000-00000000,律师助理,示例公司1910
王X,女,63,示例市1911,user1911@example.com,0000-00000000,活动执行,示例公司1911
韩X,男,22,示例市1912,user1912@example.com,0000-00000000,培训专员/助理/培训师,示例公司1912
吴X,男,64,示例市1913,user1913@example.com,0000-00000000,公务员,示例公司1913
黄XX,男,26,示例市1914,user1914@example.com,0000-00000000,技工普工,示例公司1914
罗X,女,64,示例市1915,user1915@example.com,0000-00000000,客服专员/助理,示例公司1915
罗XX,男,41,示例市1916,user1916@example.com,0000-00000000,饲养员,示例公司1916
刘XX,男,27,示例市1917,user1917@example.com,0000-00000000,钟点工,示例公司1917
萧X,女,33,示例市1918,user1918@example.com,0000-00000000,兼职,示例公司1918
张XX,女,54,示例市1919,user1919@example.com,0000-00000000,业务分析专员/助理,示例公司1919
张X,女,18,示例市1920,user1920@example.com,0000-00000000,电气/电器工程师,示例公司1920
刘XX,男,49,示例市1921,user1921@example.com,0000-00000000,商务司机,示例公司1921
梁X,女,56,示例市1922,user1922@example.com,0000-00000000,培训/课程顾问,示例公司1922
何X,男,26,示例市1923,user1923@example.com,0000-00000000,百货零售,示例公司1923
谢X,男,34,示例市1924,user1924@example.com,0000-00000000,仿真应用工程师,示例公司1924
李X,女,30,示例市1925,user1925@example.com,0000-00000000,展览/展示/店面设计,示例公司1925
萧X,男,18,示例市1926,user1926@example.com,0000-00000000,按摩,示例公司1926
周X,男,59,示例市1927,user1927@example.com,0000-00000000,游戏界面设计师,示例公司1927
唐X,女,24,示例市1928,user1928@example.com,0000-00000000,放映经理/主管,示例公司1928
宋XX,男,28,示例市1929,user1929@example.com,0000-00000000,商务助理,示例公司1929
唐X,男,24,示例市1930,user1930@example.com,0000-00000000,印刷工,示例公司1930
郑X,男,18,示例市1931,user1931@example.com,0000-00000000,汽车钣金,示例公司1931
梁XX,女,27,示例市1932,user1932@example.com,0000-00000000,旋压工,示例公司1932
梁X,男,61,示例市1933,user1933@example.com,0000-00000000,材料工程师,示例公司1933
董XX,男,51,示例市1934,user1934@example.com,0000-00000000,木工,示例公司1934
张X,男,39,示例市1935,user1935@example.com,0000-00000000,结构工程师,示例公司1935
陈X,男,36,示例市1936,user1936@example.com,0000-00000000,汽车电子工程师,示例公司1936
唐X,男,56,示例市1937,user1937@example.com,0000-00000000,针灸/推拿,示例公司1937
宋XX,女,51,示例市1938,user1938@example.com,0000-00000000,大堂经理,示例公司1938
刘XX,女,42,示例市1939,user1939@example.com,0000-00000000,采购总监,示例公司1939
郭X,女,22,示例市1940,user1940@example.com,0000-00000000,建筑机电工程师,示例公司1940
韩X,女,63,示例市1941,user1941@example.com,0000-00000000,仓库管理员,示例公司1941
李XX,女,27,示例市1942,user1942@example.com,0000-00000000,前台迎宾,示例公司1942
韩XX,男,32,示例市1943,user1943@example.com,0000-00000000,VIP专员,示例公司1943
杨X,男,37,示例市1944,user1944@example.com,0000-00000000,高级硬件工程师,示例公司1944
张X,女,60,示例市1945,user1945@example.com,0000-00000000,健身房服务,示例公司1945
陈X,女,30,示例市1946,user1946@example.com,0000-00000000,销售工程师,示例公司1946
杨XX,女,61,示例市1947,user1947@example.com,0000-00000000,总编/副总编,示例公司1947
朱XX,女,42,示例市1948,user1948@example.com,0000-00000000,网站架构设计师,示例公司1948
高XX,男,29,示例市1949,user1949@example.com,0000-00000000,调度员,示例公司1949
罗XX,男,63,示例市1950,user1950@example.com,0000-00000000,销售主管,示例公司1950
周X,男,55,示例市1951,user1951@example.com,0000-00000000,汽车销售/经纪人,示例公司1951
黄XX,女,18,示例市1952,user1952@example.com,0000-00000000,机械机床,示例公司1952
董XX,女,24,示例市1953,user1953@example.com,0000-00000000,仿真应用工程师,示例公司1953
黄XX,女,23,示例市1954,user1954@example.com,0000-00000000,吹膜工,示例公司1954
何X,女,54,示例市1955,user1955@example.com,0000-00000000,法务经理,示例公司1955
唐X,女,56,示例市1956,user1956@example.com,0000-00000000,食品/饮料研发,示例公司1956
冯X,女,25,示例市1957,user1957@example.com,0000-00000000,废气处理工程师,示例公司1957
吴X,男,59,示例市1958,user1958@example.com,0000-00000000,炼胶工,示例公司1958
韩X,男,22,示例市1959,user1959@example.com,0000-00000000,物业机电工程师,示例公司1959
谢XX,男,65,示例市1960,user1960@example.com,0000-00000000,其他,示例公司1960
马XX,男,44,示例市1961,user1961@example.com,0000-00000000,保安经理,示例公司1961
郑X,女,40,示例市1962,user1962@example.com,0000-00000000,酒店/宾馆经理,示例公司1962
何XX,男,39,示例市1963,user1963@example.com,0000-00000000,生产主管,示例公司1963
冯X,女,46,示例市1964,user1964@example.com,0000-00000000,培训/课程顾问,示例公司1964
何X,女,57,示例市1965,user1965@example.com,0000-00000000,预结算员,示例公司1965
于X,男,64,示例市1966,user1966@example.com,0000-00000000,资金专员,示例公司1966
杨XX,女,43,示例市1967,user1967@example.com,0000-00000000,技术支持/维护工程师,示例公司1967
王XX,男,40,示例市1968,user1968@example.com,0000-00000000,促销主管/督导,示例公司1968
冯X,女,56,示例市1969,user1969@example.com,0000-00000000,铣工,示例公司1969
周XX,男,34,示例市1970,user1970@example.com,0000-00000000,物流专员/助理,示例公司1970
萧XX,女,19,示例市1971,user1971@example.com,0000-00000000,其他,示例公司1971
李X,女,54,示例市1972,user1972@example.com,0000-00000000,注塑工,示例公司1972
王XX,女,35,示例市1973,user1973@example.com,0000-00000000,收银员,示例公司1973
梁X,男,20,示例市1974,user1974@example.com,0000-00000000,财务总监,示例公司1974
何X,女,35,示例市1975,user1975@example.com,0000-00000000,公关/媒介助理,示例公司1975
黄XX,女,33,示例市1976,user1976@example.com,0000-00000000,投诉专员,示例公司1976
张X,男,27,示例市1977,user1977@example.com,0000-00000000,项目总监,示例公司1977
胡X,男,43,示例市1978,user1978@example.com,0000-00000000,物业维修员,示例公司1978
王X,女,43,示例市1979,user1979@example.com,0000-00000000,房地产投资分析,示例公司1979
李X,男,33,示例市1980,user1980@example.com,0000-00000000,其他,示例公司1980
何XX,女,34,示例市1981,user1981@example.com,0000-00000000,平面设计经理/主管,示例公司1981
林XX,女,22,示例市1982,user1982@example.com,0000-00000000,半导体技术,示例公司1982
黄X,女,36,示例市1983,user1983@example.com,0000-00000000,铆工,示例公司1983
李X,男,31,示例市1984,user1984@example.com,0000-00000000,验光师,示例公司1984
孙X,女,35,示例市1985,user1985@example.com,0000-00000000,其他,示例公司1985
吴XX,男,24,示例市1986,user1986@example.com,0000-00000000,票务,示例公司1986
周X,男,65,示例市1987,user1987@example.com,0000-00000000,产品/品牌专员,示例公司1987
韩X,女,62,示例市1988,user1988@example.com,0000-00000000,规划与设计,示例公司1988
冯XX,男,50,示例市1989,user1989@example.com,0000-00000000,电脑放码员,示例公司1989
唐X,男,23,示例市1990,user1990@example.com,0000-00000000,店长/经理,示例公司1990
王XX,男,45,示例市1991,user1991@example.com,0000-00000000,货运代理,示例公司1991
韩XX,男,55,示例市1992,user1992@example.com,0000-00000000,质量管理/测试主管(QA/QC主管),示例公司1992
马X,女,23,示例市1993,user1993@example.com,0000-00000000,轨道交通工程师/技术员,示例公司1993
于X,女,48,示例市1994,user1994@example.com,0000-00000000,项目管理,示例公司1994
张XX,女,24,示例市1995,user1995@example.com,0000-00000000,系统集成工程师,示例公司1995
萧X,男,26,示例市1996,user1996@example.com,0000-00000000,物料经理,示例公司1996
陈X,男,26,示例市1997,user1997@example.com,0000-00000000,酒店/宾馆经理,示例公司1997
陈XX,男,35,示例市1998,user1998@example.com,0000-00000000,驯兽师/助理驯兽师,示例公司1998
董X,男,59,示例市1999,user1999@example.com,0000-00000000,百货零售,示例公司1999
郭X,女,32,示例市2000,user2000@example.com,0000-00000000,律师/法务/合规,示例公司2000
